movie_id,title,original_title,plot,genres,year,rating,vote_count,director,runtime,tagline,mood_tags,dominant_emotions,review_count,tmdb_top_rated_rank
278,肖申克的救赎,The Shawshank Redemption,1947年，小有成就的青年银行家安迪因涉嫌杀害妻子及她的情人而锒铛入狱。在这座名为肖申克的监狱内，希望似乎虚无缥缈，终身监禁的惩罚无疑注定了安迪接下来灰暗绝望的人生。未过多久，安迪尝试接近囚犯中颇有声望的瑞德，请求对方帮自己搞来小锤子。以此为契机，二人逐渐熟络，安迪也仿佛在鱼龙混杂、罪恶横生、黑白混淆的牢狱中找到属于自己的求生之道。他利用自身的专业知识，帮助监狱管理层逃税、洗黑钱，同时凭借与瑞德的交往在犯人中间也渐渐受到礼遇。表面看来，他已如瑞德那样对那堵高墙从憎恨转变为处之泰然，但是对自由的渴望仍促使他朝着心中的希望和目标前进。而关于其罪行的真相，似乎更使这一切朝前推进了一步。,剧情|犯罪,1994,8.713,29297,弗兰克·德拉邦特,142,恐惧会囚禁灵魂，而希望能让你自由,非常hope|值得一看|情感真挚,hope,5,1
238,教父,The Godfather,40年代的美国，“教父”维托·唐·柯里昂是黑手党柯里昂家族的首领，带领家族从事非法的勾当，但同时他也是许多弱小平民的保护神，深得人们爱戴。因为拒绝了毒枭索洛索的毒品交易要求，柯里昂家族和纽约其他几个黑手党家族的矛盾激化、圣诞前夕，索洛索劫持了“教父”的参谋汤姆，并派人暗杀“教父”；因为内奸的出卖，“教父”的大儿子逊尼被仇家杀害；小儿子麦克也被卷了进来，失去爱妻。黑手党家族之间的矛盾越来越白热化。年老的“教父”面对丧子之痛怎样统领全局？黑手党之间的仇杀如何落幕？谁是家族的内奸？谁又能够成为新一代的“教父”？血雨腥风和温情脉脉，在这部里程碑式的黑帮史诗巨片里真实上演。,剧情|犯罪,1972,8.684,22108,弗朗西斯·科波拉,175,,值得推荐|非常love|情感丰富,love,5,2
240,教父2,The Godfather Part II,影片主要讲述第二代教父麦克·柯里昂的奋斗历程，同时回忆了第一代教父维多·柯里昂创业的艰辛，反映了不同历史时期，两代教父的事业、家庭生活。麦克为儿子托尼举行圣餐仪式和庆祝活动的当夜，麦克在家中遭到袭击，凶手被人灭口，面临接管家族事业以来的重重危机，麦克回忆起了父亲维多·柯里昂年轻时在美国的创业历程。麦克一边调查袭击的真相，一边继续开展赌博、酒店等生意，和另一个黑帮人物海门罗斯斗智斗勇，不断扩大势力。终于，麦克的不法行为引起了政府的关注，麦克受到一系列的指控；同时，麦克的家庭也遇到了危机，夫妻感情濒临破裂；而最让麦克痛心的，却是家族中，亲人的背叛。和第一代教父其乐融融的家庭生活比起来，麦克无疑很失败。,剧情|犯罪,1974,8.57,13365,弗朗西斯·科波拉,200,,非常anger|非常tension|非常sadness,sadness|anger|tension,4,3
424,辛德勒的名单,Schindler's List,1939年9月，二次世界大战方兴未艾，德军进驻波兰，将纳綷军队组成“精卫队”，下令重新安顿犹太人的户口。德商辛德勒值此战乱，一方面迎逢德军各级军官，另一方面则进行低价引进犹太劳工，并委任犹太工头以撒处理场内大小事。辛德勒虽藉机大发战争财，但对以撒却颇为仁厚而备受爱戴。“精卫队”司令阿蒙生性残暴，以枪杀劳工为乐，整个占领区如同炼狱般。1941年3月，德军将维斯图拉河以南归为犹太区，阿蒙更变本加厉，1944年4月甚至大规模展开焚尸行动，辛德勒看不惯如此行为便和以撒商议出一计，以所有资产行贿阿蒙，以捷克新厂需要大批劳工制作军火为由，列出一份长至千人的名单，运往家乡布蓝恩利兹躲藏，待德方发现时，大战结束了，辛德勒则仍以战争罪犯法办。,剧情|历史|战争,1993,8.6,16885,史蒂文·斯皮尔伯格,195,谁拯救了一条生命，谁就拯救了整个世界。,紧张刺激|非常fear|非常sadness,sadness|fear,4,4
389,十二怒汉,12 Angry Men,本片展现了美国司法体系的内幕。改编自同名电视剧的经典影片。陪审团由一群白人组成，他们即将对一名被控谋杀父亲的波多黎各少年做出判决。最终，一场发生在闷热房间里、紧张的午后史诗般的故事就此展开。,剧情,1957,8.5,9555,西德尼·卢梅特,96,命悬其手，死视其意,引人深思|非常tension|情感强烈,tension,5,5
129,千与千寻,千と千尋の神隠し,小女孩千寻被困在一个陌生的精灵世界。当她的父母发生神秘变化后，她必须鼓起自己从未发现的勇气，才能解救自己，并将家人带回外面的世界。[华特迪士尼工作室],动画|家庭|奇幻,2001,8.534,17667,宫崎骏,125,隧道的另一头，是不可思议的小镇,值得推荐|非常joy|情感丰富,joy,2,6
155,蝙蝠侠：黑暗骑士,The Dark Knight,蝙蝠侠加大了打击犯罪的力度。在吉姆·戈登警长和地方检察官哈维·丹特的协助下，蝙蝠侠着手瓦解残存的、肆虐哥谭街头的犯罪组织。他们的合作卓有成效，但很快，他们发现自己也成为了一个新兴犯罪天才——哥谭市民口中的“小丑”——所引发的混乱的牺牲品。[华纳兄弟],剧情|动作|犯罪|惊悚,2008,8.525,34767,克里斯托弗·诺兰,152,黎明前的夜是最漆黑的,非常anger|非常tension|非常sadness,tension|sadness|anger,5,7
19404,勇夺芳心,दिलवाले दुल्हनिया ले जायेंगे,乔德利和妻子结婚多年，一直十分恩爱。两人共同养育了两个女儿希姆莱和图吉，两个姑娘都出落得亭亭玉立。一晃眼，希姆莱就到了该嫁人的年纪了，尽管乔德利一家人已经在伦敦生活了二十多年了，但乔德利骨子里依旧是一个传统的印度人。乔德利将希姆莱许配给了朋友的儿子库杰，这让希姆莱感到十分不满。一次偶然中，希姆莱邂逅了名为拉杰的印度男子，尽管拉杰为人轻浮，油腔滑调，但希姆莱还是同他坠入了情网。得知此事的乔德利举家迁回了印度，拉杰亦紧跟其后，他要如何才能获得乔德利的认可呢？,喜剧|剧情|爱情,1995,8.5,4519,Aditya Chopra,190,,非常joy|非常love|温暖治愈,joy|love,1,8
497,绿里奇迹,The Green Mile,1935年。美国南部惨淡肃杀的冷山监狱。这里有片一英里长的绿地，人们叫它“绿里”。不过，它的居民皆为死囚，在绿地的另一头，便是行刑用的电椅。保罗·艾治科姆（汤姆·汉 克斯饰）是这里的狱监，对于走过“绿里”、继而在电椅上惨叫毙命的死囚行刑程序，他俨然已无动于衷。除了保罗及其爱妻简外，“绿里”上还有凶残的副狱监豪威尔，有施虐倾向 的狱吏佩西，良心未泯的看守海尔和他身患绝症的妻子美琳达，喜用宠物鼠逗狱吏和诸“难友”取乐的德拉克，连环杀人狂威廉，负疚深重的犯人彼特等一干形形色色的人们。他们之 间充满了敌意和不屑。但神秘的约翰·考夫利的到来改变了一切。考夫利因谋杀两名幼女被 判死罪，他相貌恐怖，体形硕大，却出奇地平和、敏感而缄默，天真时甚至像个孩子，同时， 他似乎还具有一种不可名状的神秘力量，令人不由自主地对其产生信任感，这不禁让艾治科姆对其罪行是否属实深怀疑问。 真情无法取代程式，考夫利终要走过“绿里”。在这个貌似粗鲁的男人即将赴死的刹那，“绿里”上的人们以不同以往的形式实现了各自生命的重要跨越。,奇幻|剧情|犯罪,1999,8.503,18577,弗兰克·德拉邦特,189,,非常love|非常sadness,sadness|love,4,9
496243,寄生虫,기생충,朴家：堪称富裕的典范。金家：精于世故，却一无所有。机缘巧合之下，两家走到了一起，金家嗅到了商机。在大学生基宇的精心策划下，金家的孩子们迅速成为朴家的家庭教师和艺术治疗师。很快，两家形成了一种互惠互利的关系。金家提供“不可或缺”的奢华服务，而朴家则在不知不觉中为他们提供全家的开销。然而，当一个寄生虫般的闯入者威胁到金家新获得的舒适生活时，一场残酷而阴险的权力争夺战爆发了，险些摧毁金家和朴家之间脆弱的平衡。[Neon],喜剧|惊悚|剧情,2019,8.496,19757,奉俊昊,132,,引人深思|非常tension|情感强烈,tension,5,10
122,指环王3：王者无敌,The Lord of the Rings: The Return of the King,霍比特人佛罗多携带着魔戒，与伙伴山姆以及狡猾阴暗的咕噜等前往末日山，一路上艰难险阻不断，魔君索伦为阻止魔戒被销毁用尽全力阻挠。另一方面，白袍巫师甘道夫率中土勇士们镇守刚铎首都——白城米那斯提里斯。魔兽大军压境，黑暗与光明的决战即将来临……,冒险|奇幻|动作,2003,8.491,25703,彼得·杰克逊,263,敌人的邪眼在移动,非常hope|值得一看|情感真挚,hope,5,11
680,低俗小说,Pulp Fiction,《低俗小说》由“文森特和马沙的妻子”、“金表”、“邦妮的处境”三个故事以及影片首尾的序幕和尾声五个部分组成。看似独立的小故事里面，却又有环环相扣的人和事。盗贼“小南瓜”和“小兔子”在早餐店里打劫，却遇上了天大的麻烦——黑社会成员朱尔斯（塞缪尔•杰克逊Samuel L. Jackson饰）和文森特（约翰•特拉沃尔塔John Travolta饰）在店内用餐，可谓天外有天。二人是否会放过两名小盗贼？而文森特是黑社会大哥马沙•华莱士（文•瑞姆斯Ving Rhames饰）的手下，马沙下命令让他陪妻子一个晚上，明知如有雷池必死无疑，但面对马沙妻子美艳诱惑，文森特该怎么办?,惊悚|犯罪|喜剧,1994,8.488,29326,昆汀·塔伦蒂诺,154,仅仅因为你是一个角色并不意味着你有角色。,非常anger|非常tension|非常joy,joy|tension|anger,5,12
372058,你的名字。,君の名は。,在远离大都会的小山村，住着巫女世家出身的高中女孩宫水三叶（上白石萌音 配音）。校园和家庭的原因本就让她充满烦恼，而近一段时间发生的奇怪事件，又让三叶摸不清头脑。不知从何时起，三叶在梦中就会变成一个住在东京的高中男孩。那里有陌生的同学和朋友，有亲切的前辈和繁华的街道，一切都是如此诱人而真实。另一方面，住在东京的高中男孩立花泷（神木隆之介 配音）则总在梦里来到陌生的小山村，以女孩子的身份过着全新的生活。许是受那颗神秘彗星的影响，泷和三叶在梦中交换了身份。他们以他者的角度体验着对方的人生，这期间有愤怒、有欢笑也有暖心。只是两人并不知道，身份交换的背后隐藏着重大而锥心的秘密……,动画|爱情|剧情,2016,8.479,12127,新海诚,106,我正在寻觅未曾相识的你。,非常hope|有些anger|非常love,love|hope|anger,5,13
429,黄金三镖客,"Il buono, il brutto, il cattivo",意大利西部片宗师瑟吉欧·莱昂内执导的镖客电影三部曲的完结篇。由克林特·伊斯特伍德、李·范·克里夫和伊莱·沃勒克分饰英文片名所指的好人、坏人和丑恶之人。三人在美国南北战争期间趁着政局混乱，打算谋夺一批属于南方政府的财富，但每个人只知道一部分藏金的细节，必须联合起来才可以取得全部的钱，于是三人既互相利用又勾心斗角，产生不少有趣的笑料和张力十足的戏剧性对峙。,西部,1966,8.5,9269,赛尔乔·莱昂内,161,对这三人来说内战不是地狱，是天堂,非常anger|非常tension|非常fear|紧张刺激,fear|tension|anger,5,14
157336,星际穿越,Interstellar,近未来的地球黄沙遍野，小麦、秋葵等基础农作物相继因枯萎病灭绝，人类不再像从前那样仰望星空，放纵想象力和灵感的迸发，而是每日在沙尘暴的肆虐下倒数着所剩不多的光景。在家务农的前 NASA 宇航员库珀（马修·麦康纳 Matthew McConaughey 饰）接连在女儿墨菲（麦肯吉·弗依 Mackenzie Foy 饰）的书房发现奇怪的重力场现象，随即得知在某个未知区域内前 NASA 成员仍秘密进行一个拯救人类的计划。多年以前土星附近出现神秘虫洞，NASA 借机将数名宇航员派遣到遥远的星系寻找适合居住的星球。在布兰德教授（迈克尔·凯恩 Michael Caine 饰）的劝说下，库珀忍痛告别了女儿，和其他三名专家教授女儿艾米莉亚·布兰德（安妮·海瑟薇 Anne Hathaway 饰）、罗米利（大卫·吉雅西 David Gyasi 饰）、多伊尔（韦斯·本特利 Wes Bentley 饰）搭乘宇宙飞船前往目前已知的最有希望的三颗星球考察。他们穿越遥远的星系银河，感受了一小时七年光阴的沧海桑田，窥见了未知星球和黑洞的壮伟与神秘。在浩瀚宇宙的绝望而孤独角落，总有一份超越了时空的笃定情怀将他们紧紧相连……,冒险|剧情|科幻,2014,8.463,38323,克里斯托弗·诺兰,169,不要温和地走进那个良夜。,值得推荐|非常joy|情感丰富,joy,5,15
13,阿甘正传,Forrest Gump,阿甘于二战结束后不久出生在美国南方阿拉巴马州一个闭塞的小镇，他先天弱智，智商只有75，然而他的妈妈是一个性格坚强的女性，她常常鼓励阿甘“傻人有傻福”，要他自强不息。阿甘像普通孩子一样上学，并且认识了一生的朋友和至爱珍妮，在珍妮和妈妈的爱护下，阿甘凭着上帝赐予的“飞毛腿”开始了一生不停的奔跑。阿甘成为橄榄球巨星、越战英雄、乒乓球外交使者、亿万富翁，但是，他始终忘不了珍妮，几次匆匆的相聚和离别，更是加深了阿甘的思念。有一天，阿甘收到珍妮的信，他们终于又要见面…,喜剧|剧情|爱情,1994,8.5,28895,罗伯特·泽米吉斯,142,人生就像一盒巧克力，你永远不知道下一块会是什么味道,非常hope|非常joy,joy|hope,3,16
769,好家伙,GoodFellas,亨利•希尔 从小不学无术，跟着老大保利，靠收取保护费、走私、抢劫，他娶了美丽的妻子凯伦，有可爱的女儿，迷人的情妇，名车豪宅，生活优渥。吉米•康维 和汤米 是亨利的好朋友，三人一起经历和很多事情：杀死羞辱汤米的意大利黑手党头领比利•贝兹；策划德航劫案，并干掉同伙，私吞赃款；甚至背着老大保利贩毒。当然，他们的生活，除了享受金钱带来的权势之外，更多的，是朝不保夕的动荡：汤米因为比利•贝兹的死，被人枪杀；亨利自己因为贩毒被警方逮捕，其他人也受到牵连。凯伦想尽办法将亨利保释出来，此时他们已经一无所有，被人孤立，危机四伏。他们要想尽办法活下去，无论以怎样的方式，付出怎样的代价……,剧情|犯罪,1990,8.453,13804,马丁·斯科塞斯,145,,非常anger|非常sadness,sadness|anger,5,17
346,七武士,七人の侍,讲述了十六世纪一个村庄的故事，该村庄的居民走投无路，雇佣了七位同名武士来保护他们免受入侵的强盗的侵害。,动作|剧情,1954,8.451,4036,黑泽明,207,,非常joy|非常love|温暖治愈,joy|love,5,18
12477,萤火虫之墓,火垂るの墓,美日战争爆发，14岁的清太带着年幼的妹妹到处逃命，当他们到达防空洞的时候，母亲已身受重伤，没过多久便不久人世。两兄妹自此过着相依为命的日子。他们只好投靠了母亲的姐妹，纵使他们把家里所有的家当都送给了阿姨，但当食物吃完，他们就越感到了寄人篱下的感觉，清太决定带着妹妹离开独自生活。火灾硝烟中的生活并不好过，清太为了妹妹四处偷取食物，但妹妹还是严重营养不良……,动画|剧情|战争,1988,8.446,6210,高畑勋,89,,值得推荐|非常joy|情感丰富,joy,3,19
637,美丽人生,La vita è bella,犹太青年圭多（罗伯托·贝尼尼）邂逅美丽的女教师多拉（尼可莱塔·布拉斯基），他彬彬有礼的向多拉鞠躬：“早安！公主！”。历经诸多令人啼笑皆非的周折后，天遂人愿，两人幸福美满的生活在一起。然而好景不长，法西斯政权下，圭多和儿子被强行送往犹太人集中营。多拉虽没有犹太血统，毅然同行，与丈夫儿子分开关押在一个集中营里。聪明乐天的圭多哄骗儿子这只是一场游戏，奖品就是一辆大坦克，儿子快乐、天真的生活在纳粹的阴霾之中。尽管集中营的生活艰苦寂寞，圭多仍然带给他人很多快乐，他还趁机在纳粹的广播里问候妻子：“早安！公主！”法西斯政权即将倾覆，纳粹的集中营很快就要接受最后的清理，圭多编给儿子的游戏该怎么结束？他们一家能否平安的度过这黑暗的年代呢？,喜剧|剧情,1997,8.44,13652,罗伯托·贝尼尼,116,最美丽的谎言,非常hope|非常love,hope|love,2,20
550,搏击俱乐部,Fight Club,杰克( 爱德华·诺顿 Edward Norton 饰)是一个充满中年危机意识的人，他非常憎恨自己的生活及一切，再加上他患有严重的失眠症，所以他常常参加各种团体咨询会，只为了能接触人群。在某一个团体咨询会上，杰克遇上了一个跟他同样理由来参加的女烟枪，玛拉(海伦娜·邦汉·卡特 Helena Bonham Carter  饰)，在莫名激素的影响下，杰克和玛拉一起逃离了咨询会，两人的情愫因而滋生…  一个偶然的机会，杰克遇到了卖肥皂的商人泰勒(布拉德·皮特 Brad Pitt 饰)，一个浑身充满叛逆、残酷和暴烈的痞子英雄，并因为自己公寓失火而住进了泰勒破旧不堪的家中。两人因缘际会地成为了好朋友，并创立了“搏击俱乐部”：一个让人们不戴护具而徒手搏击，宗旨在于发泄情绪的地下组织。,剧情|惊悚,1999,8.438,31043,大卫·芬奇,139,搏击俱乐部的第一条规则是你不要谈论搏击俱乐部,非常anger|值得一看|情感真挚,anger,5,21
667257,妙不可言,Cosas imposibles,生活是如此奇妙且难以预测，有时会在最不经意的地方发现幸福：一位七旬老妪和她的少年邻居之间产生了深厚的友谊。,家庭|剧情,2021,8.44,417,Ernesto Contreras,88,,非常joy|非常sadness,joy|sadness,0,22
14537,切腹,切腹,一位年长的浪人武士来到一位封建领主的府邸，请求找个体面的地方自尽。但当浪人打听一位比他先到的年轻武士的情况时，事情却发生了意想不到的转变。,动作|剧情|历史,1962,8.4,1130,小林正树,135,男人的尊严，男人的挣扎。,非常tension|非常sadness,tension|sadness,2,23
11216,天堂电影院,Nuovo Cinema Paradiso,　　在意大利南部小镇姜卡尔多，童年的小多多不仅喜欢看电影，还喜欢看放映师艾弗达“剪”电影：在40年代的意大利小镇上，电影在放映之前都要经由牧师检查，把认为观众不宜的镜头（比如接吻戏）严格地剪掉之后，才可以放映。好心的艾佛特为了让更多的观众看到电影，搞了一次露天电影，结果胶片着火了，多多把艾弗达从火海中救了出来，但艾弗达双目失明。多多成了小镇唯一会放电影的人，他接替艾佛特成了小镇的电影放映师。多多渐渐长大，他爱上了银行家的女儿艾莲娜。初恋的纯洁情愫美如天堂，但是一对小情侣的海誓山盟被艾莲娜父亲的阻挠给隔断了，托托去服兵役，而艾莲娜去念大学。伤心的多多在艾佛达的鼓励下，离开小镇，追寻自己生命中的梦想……30年后，艾佛达去世，此时的多多已经是功成名就的导演，他回到了家乡参加艾弗达的葬礼。老放映员留给他一份礼物，原来是当初被镇上的检查员勒令剪掉的吻戏胶片。多多看着这些镜头，突然发现自己已经理解了生命中的一切。,剧情|爱情,1988,8.43,4657,朱塞佩·托纳多雷,124,青春、友谊与电影永恒魅力的颂扬。,非常joy|非常love|温暖治愈,joy|love,4,24
598,上帝之城,Cidade de Deus,"巴西里约热内卢的贫民窟，这里是“上帝之城”，更是魔鬼也会叹息着转身的地方。 阿炮带着我们到了这里，他见证了这里二十多年来被残暴、贪婪、复仇、野心、背叛、掠夺所裹挟的混乱生活以及最终导致的一场灾难性的黑帮争斗。虽然从小就要 辗转于匪徒间求生存，但胆小怕事的性格与自我保护的本能却使他一直能平安度日。 60年代初，阿毛、阿夹和阿呆是这里的“少年三侠”，在抢劫完旅馆之后，他们三人分道扬镳，阿夹重回上帝的怀抱，而阿呆和阿毛纷纷付出了生命的代价。 70年，当年“少年三侠”手下的小弟小豆子靠着自己的心狠手辣，不停地吞并别人的地盘，成为了贫民区的“小霸王”，生意也从抢劫升级到了更为暴利的毒品买卖，和他一起飞黄腾达的还有班尼。 班尼认识了美丽的安迪丽卡，准备归隐，在送别的晚会上，他意外被对头杀害，悲痛之下，“小霸王”集合人手给班尼报仇，帮派之间的厮杀就此开始。 此时的阿炮，机缘巧合下成为了杂志社的见习摄影师，他的相机，照下的却是孩子们持枪荷弹的狰狞，和帮派间无休无止的仇杀。",剧情|犯罪,2002,8.427,7888,费尔南多·梅里尔斯,129,,非常anger|非常sadness,sadness|anger,2,25
120,指环王1：护戒使者,The Lord of the Rings: The Fellowship of the Ring,在古老的中土世界，一个名叫佛罗多·巴金斯的年轻人无意中得到了一枚魔戒。 这只戒指拥有无穷的神秘力量，戒指原本是黑暗君王索隆所有的，却意外地到了佛罗多手里。弗罗多决定将戒指摧毁，以免索隆夺回去巩固自己的势力。索隆为了阻止佛罗多，派出了手下的奥克斯加以追杀，一场正邪大战眼看着一触即发。,冒险|奇幻|动作,2001,8.426,26650,彼得·杰克逊,228,至尊戒 驭众戒,值得推荐|非常joy|情感丰富,joy,5,26
539,惊魂记,Psycho,凤凰城的一名秘书挪用了雇主客户的4万美元，然后逃亡，住进了一家偏僻的汽车旅馆，旅馆由一个名叫诺曼·贝茨的年轻人经营，而诺曼·贝茨则受他母亲的控制。,恐怖|惊悚|悬疑,1960,8.4,10646,阿尔弗雷德·希区柯克,109,,值得推荐|非常joy|情感丰富,joy,5,27
40096,蛊惑兄弟,O Auto da Compadecida,智高和杰克，一对患难穷兄弟，四出寻找工作，最终在面包店找到差事。但店主极为刻薄，兄弟俩的食物比狗还要差。阴差阳错，他们弄死了店主的狗，更要哄骗神父替小狗祈福，闹出笑话连篇。及后智高暗恋大财主之女路仙霞。但智高过于害羞，久久未能成事；杰克唯有替智高制造机会。一日，镇里来了一班悍匪，洗劫村民之余，更进行杀戮游戏……,喜剧|剧情|奇幻|爱情,2000,8.4,1192,Guel Arraes,104,,温暖治愈|非常joy|非常love|非常sadness,joy|sadness|love,1,28
510,飞越疯人院,One Flew Over the Cuckoo's Nest,剧本改编自肯·克西的同名小说，曾获1975年第48届奥斯卡最佳影片，最佳男、女主角，最佳导演和最佳改编剧本五项至尊大奖。据导演米洛斯·福曼所说，这部电影其实是从他由布拉格之春之后铁幕捷克逃到美国的个人经历而改编的。这次经历，使他明白到任何的梦想的实现机会可能不高，但若连这个机会都放弃的话，这个梦想可实现的机会就只有零。而这种精神，也非常切合美国人一向提倡的美国精神。,剧情,1975,8.413,11061,米洛斯·福尔曼,133,如果他疯了，那你怎么了？,非常hope|值得一看|情感真挚,hope,4,29
121,指环王2：双塔奇兵,The Lord of the Rings: The Two Towers,阿拉贡、精灵莱戈拉斯、矮人金利一路追踪兽人，营救皮平和梅利，遇到了“复活”的白袍巫师甘道夫。此时，依附于索伦的白袍巫师萨鲁曼控制了洛汗国王，并派出大量的兽人军队准备消灭人类。阿拉贡、莱戈拉斯和金利在甘道夫的带领下，帮助洛汗王国对抗兽人的入侵。皮平和梅利被会说话的树精救了出来，并且遇到“复活”的甘道夫，在甘道夫的授意下，树精保护了两人的安全，并且带他们参加树精大会，树精们讨论对中土大战的态度：是继续中立，还是奋起反抗？在咕噜的带领下，弗罗多到达了末日山脉的入口：黑门。就在他们准备进入之时，博罗米尔的弟弟法拉米尔出现。弗罗多又遇上了新的危机：法拉米尔想利用魔戒的力量对抗萨鲁曼。,冒险|奇幻|动作,2002,8.411,23140,彼得·杰克逊,235,一股新力量正在崛起,非常hope|值得一看|情感真挚,hope,5,30
696374,加百列的地狱,Gabriel's Inferno,一个迷人的探索诱惑，禁止的爱，和救赎，一个迷人和激情的故事，一个人从他自己的地狱，因为他试图赢得不可能的宽恕和爱。,爱情|剧情,2020,8.403,2437,Tosca Musk,122,,非常love|非常sadness,love|sadness,0,31
311,美国往事,Once Upon a Time in America,　　二十年代的美国，纽约少年“面条”和几个同龄朋友一起认识了聪明狡黠的“麦克斯”，他们开始从事走私活动。不久，面条在一场械斗中杀伤人命，被关进监牢。若干年后，“面条”出狱，当时的小伙伴们已经变成了健壮的青年人，在“麦克斯”的带领下，他们开始了一系列抢劫、盗窃、敲诈活动。随着犯罪活动的不断深入， “麦克斯”似乎被胜利冲昏了头脑，竟然把美国联邦储备银行也列入了行动目标。“面条”不忍眼看好友走向毁灭，偷偷打电话报警，想逼迫“麦克斯”收手。警察与 “面条”的朋友展开激烈枪战，“麦克斯”等人全部被杀。“面条”带着深深的悔恨和痛苦，离开纽约，回到年少时生长的地方。三十五年过去了，几近垂暮的“面条”重新回到纽约的伤心地，他遇见了少时的朋友和旧情人，而当年“麦克斯”他们的死，背后竟然包含着出乎意料的阴谋。,剧情|犯罪,1984,8.4,5799,赛尔乔·莱昂内,229,,非常hope|非常love,love|hope,3,32
324857,蜘蛛侠：平行宇宙,Spider-Man: Into the Spider-Verse,正就读中学的少年迈尔斯（沙梅克·摩尔 Shameik Moore 配音）意外被一只遭受放射性污染的蜘蛛咬伤，随后身体发生奇特的变化。偶然机缘，他目睹了蜘蛛侠（克里斯·派恩 Chris Pine 配音）和犯罪头目金并（列维·施瑞博尔 Liev Schreiber 配音）的战斗。为了阻止金并利用时空对撞机扰乱宇宙，蜘蛛侠最终壮烈牺牲。可未过多久，来自平行宇宙的颓废的彼德·帕克（杰克·约翰逊 Jake M. Johnson 配音）出现在迈尔斯面前。为了阻止金并的阴谋，并帮助这个帕克返回自己的宇宙，他们闯入金并的老巢。在这一过程中，二人遭到章鱼博士和徘徊者的狙击。与此同时，来自其他宇宙的女蜘蛛侠、暗影蜘蛛侠、蜘猪侠、二次元蜘蛛妹相继出现。,动画|动作|冒险|科幻,2018,8.395,16629,鲍勃·佩尔西凯蒂,116,任何人都可以成为英雄。,非常hope|非常joy|非常tension,joy|tension|hope,5,33
255709,素媛,소원,　　她是一个美丽平凡的小女孩，和爸爸妈妈生活在位于街角的家中。家里经营着以她的名字素媛命名的杂货店，母亲作为老板娘日夜忙碌不得闲暇，父亲则在工厂干着繁重的工作。在那个飘雨的早上，素媛打着雨伞独自上学。在离学校近在咫尺的地方，她遭遇一个相貌猥琐、酒气冲天的大叔，由此开启了她的悲剧之旅。柔嫩的小花遭到暴风雨无情摧残，受伤的岂止枝枝叶叶，更是那迎着阳光无忧成长的心。无良媒体铺天盖地大肆渲染，作为受害者的素媛一家仿佛成了周身污秽的耻辱之人，被四周诧异好奇的目光所包围。妈妈悲痛欲绝，几近崩溃。爸爸全力保护女儿，但受伤的小天使却拒绝爸爸的靠近。问凶之路伴随着天使的治愈旅程，美丽的女孩可会再露灿烂笑容？,剧情,2013,8.395,808,李濬益,122,,非常hope|值得一看|情感真挚,hope,2,34
1891,星球大战5：帝国反击战,The Empire Strikes Back,帝国军发现并攻占了起义军的基地哈夫星，起义军撤离了基地。卢克（马克·哈米尔 Mark Hamill 饰）和机器人 R2 飞往了狄克行星寻找绝地大师尤达，向他学习成为绝地武士的课程。太空船长索罗（哈里森·福特 饰）带着莱娅公主（卡里·费什尔 Carrie Fisher 饰）逃避帝国的追击前往云中之城寻找索罗过去的朋友兰多（比利·迪·威廉姆斯 Billy Dee Williams 饰），却由于兰多的出卖落入了帝国手中。卢克预感到朋友有难，于是前往云中之城。冰冻了索罗，设下陷阱准备诱捕卢克。由于达斯·维德（大卫·普劳斯 David Prowse 饰）撕毁了协议，兰多投向了起义军。他救出了公主等人，却未能救下索罗。卢克却陷入了与达斯·维德的苦斗之中，达斯·维德一心劝诱卢克投降，并告诉了卢克他就是卢克的父亲。经过一场激烈的追逐，卢克和公主等人终于摆脱了帝国的追击，回到了义军的船队。面对星空，他预感到一场严酷的斗争又将来临。,冒险|动作|科幻,1980,8.394,17860,厄文·克什纳,124,冒险在继续……,非常hope|非常joy|非常tension,joy|tension|hope,5,35
4935,哈尔的移动城堡,ハウルの動く城,继母因无力负担生活，将苏菲和她的两个妹妹都送到了制帽店去当学徒。两个妹妹很快先后就离开了制帽店去追寻各自的梦想，只有苏菲坚持了下来。一天，小镇旁边来了一座移动堡垒，传说堡垒的主人哈尔专吸取年青姑娘的灵魂，所以小镇的姑娘都不敢靠近。一个恶毒的巫婆嫉妒苏菲的制帽技术，用巫术把她变成了一个80岁的老太婆，而且苏菲还不能对别人说出自己身中的巫术。无奈，苏菲决定独自一人逃离小镇。天黑了，虚弱的苏菲没走多远，来到了移动城堡。心想自己已经是老太婆了，苏菲壮着胆子走进了城堡。不想，遇到了和她遭遇相同的火焰魔。两人约定彼此帮助对方打破各自的咒语。,奇幻|动画|冒险,2004,8.392,10636,宫崎骏,119,带着心爱的人在天空飞翔。,非常hope|悲伤但充满希望|非常sadness,hope|sadness,2,36
378064,声之形,映画 聲の形,《声之形》讲述善良、可爱，又有听觉障碍的少女西宫硝子（早见沙织 配音），和曾经伤害过她的少年石田将也（入野自由 配音）的故事。西宫硝子在学校备受欺负，得不到友情和关爱，但她总是对周围一切抱以善意。石田将也是主要施暴者之一，他因此也被周围的同学孤立起来。经过五年时间，两人步入高中，随着成长他们逐渐体会到彼此的心情和处境。在跌跌撞撞的青春中，少男少女们终于学会了接纳别人，与自己和解。,动画|剧情|爱情,2016,8.386,4275,山田尚子,130,有时答案就是学会倾听，如此简单。,非常tension|非常fear|紧张刺激,fear|tension,5,37
423,钢琴家,The Pianist,二战期间，一位天才的波兰犹太钢琴家，四处躲藏以免落入纳粹的魔爪。他在华沙的犹太区里饱受着饥饿的折磨和各种羞辱，整日处在死亡的威胁下。他躲过了地毯式的搜查，藏身于城市的废墟中。幸运的是他的音乐才华感动了一名德国军官，在军官的冒死保护下，钢琴家终于捱到了战争结束，迎来了自由的曙光。,剧情|战争,2002,8.38,9784,罗曼·波兰斯基,150,,非常anger|非常love,anger|love,0,38
807,七宗罪,Se7en,“暴食”、“贪婪”、“懒惰”、“嫉妒”、“骄傲”、“淫欲”、“愤怒”，这是天主教教义所指的人性七宗罪。城市中发生的连坏杀人案，死者恰好都是犯有这些教义的人。凶手故弄玄虚的作案手法，令资深冷静的警员沙摩塞（摩根•弗里曼 Morgan Freeman 饰）和血气方刚的新扎警员米尔斯（布拉德•皮特 Brad Pitt 饰）都陷入了破案的谜团中。他们去图书馆研读但丁的《神曲》，企图从人间地狱的描绘中找到线索，最后从宗教文学哲学的世界中找到了凶手作案计划和手段的蛛丝马迹。凶手前来投案自首，这令众人都松了一口气，以为案件就此结束，怎料还是逃不出七宗罪的杀人逻辑，这次凶手瞄准的目标，是那个犯了“愤怒”罪的人……,犯罪|悬疑|惊悚,1995,8.377,22326,大卫·芬奇,127,,非常anger|非常tension,tension|anger,5,39
244786,爆裂鼓手,Whiplash,19岁少年安德鲁（迈尔斯·特勒 Miles Teller 饰）成长在单亲家庭，一心想成为顶级爵士乐鼓手。某晚他在学校练习时被魔鬼导师弗莱彻（J·K·西蒙斯 J.K. Simmons 饰）相中，进入正规乐队，同时也开始为追求完美付出代价。安德鲁越是刻苦练习，与外部世界越是隔膜。唯一理解他的是弗莱彻，但后者的暴躁与喜怒无常扭曲了这段师生关系，更让安德鲁耳濡目染，连带自身的性格亦发生变化。最后当安德鲁终于登上纽约音乐厅的舞台，他才惊恐的发现原来弗莱彻一直等着将他打入尘埃......,剧情|音乐,2014,8.375,16094,达米恩·查泽雷,107,,引人深思|非常tension|情感强烈,tension,5,40
770156,露西·希姆斯和和平王子,Lucy Shimmers and the Prince of Peace,假日季节，一位天使帮助一个冷酷的罪犯和一个早熟的小女孩相遇，并改变了他们的内心，从而给予他们第二次机会。,剧情|家庭,2020,8.4,330,Rob Diamond,87,,非常hope|心灵平静|非常peace,hope|peace,0,41
27205,盗梦空间,Inception,道姆·柯布与同事阿瑟和纳什在一次针对日本能源大亨齐藤（渡边谦 饰）的盗梦行动中失败，反被齐藤利用。齐藤威逼利诱因遭通缉而流亡海外的柯布帮他拆分他竞争对手的公司，采取极端措施在其唯一继承人罗伯特·费希尔的深层潜意识中种下放弃家族公司、自立门户的想法。为了重返美国，柯布偷偷求助于岳父迈尔斯，吸收了年轻的梦境设计师艾里阿德妮、梦境演员艾姆斯和药剂师约瑟夫加入行动。在一层层递进的梦境中，柯布不仅要对付费希尔潜意识的本能反抗，还必须直面已逝妻子梅尔的处处破坏，实际情况远比预想危险得多……,动作|科幻|冒险,2010,8.371,38286,克里斯托弗·诺兰,148,你的梦境 就是 犯罪现场,非常hope|值得一看|情感真挚,hope,5,42
724089,加百列的地狱：第二部,Gabriel's Inferno: Part II,加布里埃尔·爱默生教授终于发现了朱莉娅·米切尔身份的真相，但他的意识到为时已晚。茱莉亚最终希望这位受人尊敬的但丁专家会记住她，并且不想再与他有任何关系。加布里埃尔能在别人的怀抱中找到爱之前赢回她的心吗？,爱情|剧情,2020,8.369,1534,Tosca Musk,106,,非常hope|值得一看|情感真挚,hope,0,43
761053,加百列的地狱：第三部,Gabriel's Inferno: Part III,一个黑暗的人带着恶意从茱莉亚的过去回来了。加布里埃尔有他需要分享的秘密，但担心如果他这样做，他会失去一切。他们的关系会经受住秘密揭露的考验吗？他们对但丁和弗洛伦斯的共同热爱会是他们所希望的一切吗？,爱情|剧情,2020,8.359,1071,Tosca Musk,122,,非常hope|值得一看|情感真挚,hope,0,44
1058694,激进教学,Radical,在一个充满忽视、腐败和暴力的墨西哥边境小镇，一名老师决定尝试一种激进的新方法来释放学生的潜力与好奇心，甚至发掘出他们的天才之处。,剧情,2023,8.356,482,Christopher Zalla,122,,非常anger|值得一看|情感真挚,anger,2,45
12493,天国与地狱,天国と地獄,横滨一家鞋业公司的高管遭遇勒索，他的司机的儿子被误绑架并被索要赎金。,剧情|犯罪,1963,8.3,1048,黑泽明,142,,非常anger|非常sadness,sadness|anger,3,46
567,后窗,Rear Window,一位坐在轮椅上的摄影师从公寓的窗户窥视邻居，并确信其中一人犯了谋杀罪。,惊悚|悬疑,1954,8.3,6908,阿尔弗雷德·希区柯克,112,,引人深思|非常tension|情感强烈,tension,5,47
274,沉默的羔羊,The Silence of the Lambs,为了追捕一名连环杀手，雄心勃勃的 FBI 学生克拉丽丝·丝塔林被迫寻求另一名臭名昭著的杀手——被监禁的前精神病学家“食人魔汉尼拔”莱克特的帮助。,犯罪|惊悚|剧情,1991,8.346,17303,乔纳森·戴米,119,要进入杀手的头脑，她必须挑战疯子的头脑。,引人深思|非常tension|情感强烈,tension,5,48
569094,蜘蛛侠：纵横宇宙,Spider-Man: Across the Spider-Verse,地球-65，蜘蛛女格温（海莉·斯坦菲尔德 Hailee Steinfeld 配音）因为好友彼特之死而充满愧疚，而父亲对蜘蛛侠的误解也让她倍感焦虑。某次行动中，格温结识了来自其他宇宙的同伴米圭尔·奥哈拉和杰西卡·德鲁。从他们口中得知，为了防止多元宇宙进一步崩坏，米圭尔策划成立了由蜘蛛侠中的精英组成的突击队。格温受邀加入他们，并利用时空穿梭的机会来到了地球-1610，见到久违的迈尔斯（沙梅克·摩尔 Shameik Moore 配音）。此时的迈尔斯和父母关系紧张，他憧憬格温，渴望加入突击队又遭到拒绝。  　　随后迈尔斯又听到一个可怕的消息，每一个宇宙中，失去至亲正是所有蜘蛛侠的可悲宿命……,动画|动作|冒险|科幻,2023,8.34,8056,肯普·鲍尔斯,140,每个人都说这是蜘蛛侠注定的命运，但我要找到属于自己的路。,非常anger|非常love,love|anger,5,49
73,美国X档案,American History X,德瑞克 的父亲在他很小的时候就被一名黑人毒贩射杀，从此给他幼小的心灵埋下了仇恨的种子。原来德瑞克功课很好，是老师眼中的好学生。但自从父亲遇难后，他就将一切心机都放在了对付有色人种上面。他积极组织起一帮白人青年混混，到处和有色人种对着干。一次，他射杀了两名黑人，因此入狱。入狱后，德瑞克加入了一伙新纳粹的白人。后来，因工作关系他和一名黑人成了好友，他开始反思自己的过去。当他意欲脱离狱中新纳粹组织时，遭到了拳打脚踢。德瑞克出狱后，决心和以前自己组织的帮会脱离关系，带着弟弟远走他乡开始新的生活。,剧情,1998,8.331,12182,托尼·凯耶,119,,非常anger|非常joy|非常fear|紧张刺激,joy|fear|anger,2,50
128,幽灵公主,もののけ姫,室町时代时期的虾夷族少年阿席达卡，某日遇到被称为“邪魔神”攻击他所居住村落的怪物。在阿席达卡为了保护村落与邪魔神对战时，过程当中遭受邪魔神的攻击而留下创伤与诅咒。击败了邪魔神之后，阿席达卡发现对方是由一头愤怒的山猪神所变化而成，并在祂的体内发现一颗铁弹。之后村里的女巫便劝他以铁弹为线索，来离开村落前往西方，查找邪魔神产生的来源和解除诅咒方法。  于阿席达卡的旅途中，他拯救了两名来自于炼铁据地“达达拉城”的住民。在协助对方返回到达达拉城之后，阿席达卡得知邪魔神身上的铁弹，便是遭到由达达拉城所打造的火枪所伤，其中达达拉城的统治者黑帽大人因为炼铁缘故从森林中砍伐许多木头资源，便与森林中的神祇交恶发生冲突。起初阿席达卡对于黑帽大人夺取资源、伤害森林神祇的行为感到愤怒，但之后目睹到众多穷人以及被社会隔离的痳疯患者在达达拉城有着生存机会而动摇。  后续他知晓森林里住着一位由犬神所养大，憎恨黑帽大人一心想取下对方性命，有着“幽灵公主”名号的人类少女小桑。在阿席达卡来到达达拉城的当日夜晚里，小桑突然现身于达达拉城内想找寻机会突击黑帽大人。当她们俩人展开打斗时，阿席达卡试图想调停双方之间的斗争，但在阻止的过程中阿席达卡意外遭旁人用石火枪给误射打伤。而小桑之后则将阿席达卡带回自己居住的森林里疗养。  在伤口撤销后，阿席达卡得知小桑打算与其祂山猪神同盟向人类一决死战，并发现到黑帽大人要与朝廷一方势力联手，来夺取名为“山兽神”的森林神祇之首级，以获得对方长生不死能力的事情。之后阿席达卡便试着想在混乱的局势中，找寻可解决冲突的方式。,冒险|奇幻|动画,1997,8.326,8618,宫崎骏,134,,非常anger|值得一看|情感真挚,anger,5,51
105,回到未来,Back to the Future,　　布朗博士（克里斯托弗·洛伊德饰）总是有些稀奇古怪的发明。在一次试验他发明的时光机器时，他找来了忘年交高中生马丁（迈克尔·J·福克斯饰）。岂料实验过程中博士被歹徒杀害了，马丁慌乱中架着时光机逃跑，回到了30年前。马丁遇到了30年前的父亲乔治（克利斯丁·格拉夫饰）和母亲洛莲（莉·汤普森饰）。马丁一边找寻30年前的布朗博士，好让自己回到未来；一边尽力撮合乔治和洛莲，以免自己在以后消失了。但乔治为人懦弱，马丁在撮合过程中弄巧成拙让洛莲爱上了自己。还有令人讨厌的贝夫从中作梗，令马丁恼怒不已。马丁周旋在他的双亲之间，还要尽快找到博士，想办法回到未来……,冒险|喜剧|科幻,1985,8.323,21102,罗伯特·泽米吉斯,116,他是唯一一个到出生前惹麻烦的孩子。,非常love|非常fear|紧张刺激,fear|love,5,52
620249,罗小黑战记,罗小黑战记,在熙攘的人类世界里，很多妖精隐匿其中，他们与人类相安无事地生活着。猫妖罗小黑因为家园被破坏，开始了它的流浪之旅。这场旅途中惺惺相惜的妖精同类与和谐包容的人类伙伴相继出现，让小黑陷入了两难抉择，究竟何处才是真正的归属？,动画|奇幻|动作,2019,8.322,422,MTJJ,102,有你的地方 就是家,非常joy|非常tension,joy|tension,0,53
1184918,荒野机器人,The Wild Robot,改编自皮特·布朗的同名畅销书，聚焦机器人萝斯（露皮塔·尼永奥 Lupita Nyong'o 配音）的冒险之旅。她因一场意外漂流到了孤岛，偏离了程序预设的发展轨道，不得不面对险恶的生存环境，并试图与充满戒备和敌意的野生动物建立关系。随着萝斯遇到了一只小灰雁（基特·康纳 Kit Connor 配音）并成为了他的“妈妈”，她逐渐在这座荒岛中找到了归属感。被定义好的编程即将被打破，一段关乎爱的心灵故事即将展开。,动画|科幻|家庭|冒险|剧情,2024,8.318,5521,克里斯·桑德斯,102,发现你的本性,非常hope|悲伤但充满希望|非常joy|非常sadness,joy|hope|sadness,5,54
820067,五等分的新娘 剧场版,映画 五等分の花嫁,为了让「濒临留级」又「讨厌学习」的美少女五姐妹通过学校考试毕业，主角风太郎以兼职家庭教师的身份来到中野家指导她们的课业，也因此渐渐与五胞胎们培养出感情。怀抱着各种想法的各人也迎来高中生活最后的活动「学园祭」。「学园祭第一天15时请到教室来。」聚集在教室里的五胞胎们，风太郎想告诉她们的是……,动画|喜剧|爱情,2022,8.3,424,神保昌登,136,,值得推荐|非常love|情感丰富,love,1,55
3782,生之欲,生きる,一位公务员在发现自己患有绝症后，试图寻找人生的意义。,剧情,1952,8.3,1257,黑泽明,143,,非常loneliness|非常joy|非常love|温暖治愈,joy|love|loneliness,3,56
372754,同级生,同級生,夏天时节，东府第一高校要举行合唱祭。在课后合唱训练中，高中二年级A班草壁光（神谷浩史 配音）发现同班的尖子生佐条利人（野岛健儿 配音）并没有开口唱歌。草壁原以为这样的优等生不屑于合唱活动，却在当天放学后发现佐条独自留在教室练习。鬼使神差地，擅长音律的草壁主动提出要帮助佐条练习唱歌。经过多日的相处，草壁渐渐被认真的佐条吸引，却一直苦恼于对方是为了他人才如此努力学习唱歌。到了合唱祭这一天，草壁忽然控制不住情绪，在正式演出中途跑了出去，佐条见状紧张地追上。在空荡荡的校园里，二人终于向对方确定了心意。夏天要结束了，而他们青春的诗篇才刚刚开始。,爱情|动画,2016,8.3,420,中村章子,61,,值得推荐|非常love|情感丰富,love,0,57
207,死亡诗社,Dead Poets Society,威尔顿预备学院以其沉稳凝重的教学风格和较高的升学率闻名，作为其毕业班的学生，理想就是升入名校。新学期文学老师约翰·基汀（罗宾·威廉姆斯 饰）的到来如同一阵春风，一反传统名校的严肃刻板...,剧情,1989,8.3,12068,彼得·威尔,128,,引人深思|非常tension|情感强烈,tension,5,58
10494,未麻的部屋,PERFECT BLUE,当红三人少女偶像团体Charming Bird面临解散，核心成员雾越未麻在事务所的安排下不得不退出团体，转型成为一名电视剧演员。万事开头难，对于偶像歌手转型而来的未麻尤其如此，她在工作中承受着压力，闷闷不乐。与此同时，各种恐吓信不断、经纪人田所先生遇袭以及以自己的口吻在网站上写日记的神秘人都让未麻焦虑不已，恍惚间她甚至看到另一个自己。未麻的苦恼无人知晓，贪婪的田所甚至同意剧组的剧本，要求未麻出演一场尺度极大的强暴戏。这次演出成为未麻演艺事业的转折点，她的出镜率开始攀升，甚至还拍摄了裸露的写真。与此相对，电视剧编剧涩谷和曾给未麻拍下裸照摄影师村野接连遇害。未麻的生活变得混乱不堪，真相究竟如何？本片荣获1997年亚洲奇幻电影节最佳亚洲影片。,动画|惊悚,1998,8.299,2988,今敏,82,,非常tension|非常fear|紧张刺激,tension|fear,5,59
101,这个杀手不太冷,Léon,里昂是名孤独的职业杀手，受人雇佣。一天，邻居家小姑娘马蒂尔达敲开他的房门，要求在他那里暂避杀身之祸。原来邻居家的主人是警方缉毒组的眼线，只因贪污了一小包毒品而遭恶警杀害全家的惩罚。马蒂尔达得到里昂的留救，幸免于难，并留在里昂那里。里昂教小女孩使枪，她教里昂法文，两人关系日趋亲密，相处融洽。女孩想着去报仇，反倒被抓，里昂及时赶到，将女孩救回。混杂着哀怨情仇的正邪之战渐次升级，更大的冲突在所难免……,犯罪|剧情|动作,1994,8.3,15590,吕克·贝松,133,想把事情办的漂亮，就得请专业的,非常loneliness|非常joy|温暖治愈|非常tension|非常love,joy|love|loneliness,2,60
15804,牯岭街少年杀人事件,牯嶺街少年殺人事件,根据真实故事改编 ，20世纪60年代，一位生活在中国的年轻人探索着自己的叛逆倾向，并与一个危险的街头帮派纠缠不清，最终导致了一起青少年凶杀案。,犯罪|剧情|爱情,1991,8.3,363,杨德昌,237,,值得推荐|非常love|情感丰富,love,0,61
533514,紫罗兰永恒花园 剧场版,劇場版 ヴァイオレット・エヴァーガーデン,——「爱」究竟是什么？  曾经将「爱」告诉自己、 给予自己的，重要的人。  即使想见，却再也见不到。 永远。 放开了手的、最最重要的那个人。  从事代笔业的她，名字是「薇尔莉特·伊芙加登」。自幼身为士兵参战，没能获得培育心灵机会的她，无法理解自己重要的上司「吉尔伯特·布干维利亚」所留下的话语。——我从心底，爱着你。  让人们背负深深伤痕的战争结束之后，经过数年。生活随着新技术的开发而改变，人们开始面向前方前进。但，薇尔莉特坚信着吉尔伯特还在某处活着，每一天只是思念着他。——亲爱的吉尔伯特少校。今天我又再一次回忆起了少校的事情。薇尔莉特强烈的愿望，溶解在静谧的夜当中。  在吉尔伯特母亲的月忌日，薇尔莉特像是要代替他一般地献上鲜花。某天，她与吉尔伯特的哥哥·迪特福利特海军上校不期而遇。迪特福利特告诉她是时候该忘记吉尔伯特了，但薇尔莉特立刻做出了答复。「我无法忘记」。  就在此时，薇尔莉特接到了一通委托电话。委托人是名叫尤里斯的少年。另一方面，在邮政公司的仓库里，发现了一封收信人不明的信……。,动画|奇幻|爱情|剧情,2020,8.294,469,石立太一,140,致我最心爱的人，这是我最后的书信。,温暖治愈|非常joy|非常love|非常sadness,joy|love|sadness,1,62
652837,乔西的虎与鱼,ジョゼと虎と魚たち,专攻海洋生物学的恒夫，为了实现自己能够亲眼看一下只生活在墨西哥的梦幻鱼群的梦想，日夜不停地在进行着兼职打工。一天恒夫偶然遇见一个女孩坐在轮椅上，失控从斜坡上冲下来。得到了大学生恒夫救了这个女孩。这个女孩叫乔西，自幼便一直坐在轮椅上，她的祖母千津一直照顾乔西，和她相依为命。祖母千津向恒夫介绍了一份兼职工作。这份工作的内容就是听从乔西的要求，并想办法满足她。乔西活在自我世界里，可以遨游在自己感兴趣的绘画和书籍的海洋中。然而，她不善与他人交流且十分固执。乔希对恒夫非常刻薄，而恒夫也没有在意乔西是个残疾人，直率地回应她……,动画|剧情|爱情,2020,8.291,552,田村耕太郎,98,,非常joy|非常love|温暖治愈,joy|love,1,63
914,大独裁者,The Great Dictator,独裁者辛克尔试图扩张他的帝国，而一位贫穷的犹太理发师则试图躲避辛克尔政权的迫害。,喜剧|战争,1940,8.3,3566,查理·卓别林,125,,非常hope|值得一看|情感真挚,hope,1,64
599,日落大道,Sunset Boulevard,过气演员诺玛已经将近50岁，曾经的风华绝代正在她居住的荒废豪宅里慢慢凋谢，身边只有好友马克思伺奉。她没放弃重燃光辉的梦想，《莎乐美》的剧本正待编写，而逃避债务逃至此地的没落编剧乔，正是这项事业的最佳候选。诺玛收留他住下，给他提供舒适的环境写作，并慢慢的倾心于他。但是，乔并不能接受这个青春已逝的妇人。他拒绝了她，并转过身和另一个美丽的女子谋划新的剧本，他们相爱，打得火热。  诺玛得知了乔的“背叛”，她卑微地哀求他，却动摇不了他渐行渐远的心，诺玛终于举起枪对准正要离开的乔。,剧情,1950,8.287,2795,比利·怀尔德,110,,非常hope|值得一看|情感真挚,hope,5,65
644479,献给我的前妻,Dedicada A Mi Ex,,剧情|喜剧,2019,8.3,513,Jorge Ulloa,94,,引人深思|情感强烈|非常sadness,sadness,0,66
1139087,从前有个工作室,Once Upon a Studio,短片为迪士尼成立满100周年的纪念作品，导演崔伦特·柯瑞和丹·亚伯拉罕花了大约八个月时间构思，他们称该短片是写给华特迪士尼动画工作室的“情书”，也是“对过去一百年来与电影产生联系的观众表达感谢”。该短片登场的角色多达400多个，其中包括《石中剑》的梅林、《公主与青蛙》的蒂安娜、《冰雪奇缘系列》的艾莎、《星际宝贝系列》的史迪奇以及《四眼天鸡》的鸡丁，并由40多名配音员声演。,动画|家庭|奇幻|喜剧,2023,8.285,407,Trent Correy,9,,值得推荐|非常joy|情感丰富,joy,0,67
42269,我们如此相爱,C'eravamo tanto amati,安东尼奥（尼诺·曼弗莱迪 Nino Manfredi 饰）、贾尼（维托里奥·加斯曼 Vittorio Gassman 饰）和尼古拉（Stefano Satta Flores 饰）是战争时代的生死之交。战争结束后，他们回归了家乡，开始了各自迥异的生活。安东尼奥结识了美丽女孩露西安娜（斯蒂芬尼娅·桑德雷莉 Stefania Sandrelli 饰），坠入了情网，可露西安娜喜欢的却偏偏是贾尼。可最终，贾尼选择同侯爵女儿结婚，露西安娜陷入了痛苦之中，此时，安东尼奥再度出现在了露西安娜的身边，陪伴守护着她。露西安娜一直希望能够成为一名演员，为了实现理想，她甚至不惜向负责挑选演员的负责人献出了肉体。几经波折，安东尼奥和露西安娜总算坦诚相对，互诉衷肠，一对璧人终于走到了一起。,剧情|喜剧,1974,8.283,625,Ettore Scola,124,,非常hope|值得一看|情感真挚,hope,0,68
3082,摩登时代,Modern Times,"二十年代的美国处于经济萧条时期，失业率居高不下，工人受尽压榨，成为了大机器生产中的一颗螺丝钉。查理就是一个底层市民，他在一个机器隆隆的厂房里日以继夜地工作，以赚取微薄的收入。重复繁重的工作压得他喘不过气，他把人们的鼻子当成螺丝钉来拧，卷入流水线机器的皮带里，令人苦笑不得。 查理尽管贫穷，但却很善良。他在路上搭救了流浪女，和她一起生活，家里破烂却又温馨。每次身无分文的查理为了找到吃的，都会故意犯事，以便进入监牢。光景一时间有了好转，流浪女成了歌舞红星，然而好景太短暂了。",喜剧|剧情|爱情,1936,8.3,3925,查理·卓别林,87,,引人深思|情感强烈|非常sadness,sadness,2,69
335,西部往事,C'era una volta il West,　　意大利西部片宗师瑟吉欧·莱昂的传世经典之作，继与克林伊斯威特合作「镖客三系列」之后，瑟吉欧·莱昂这部近三个小时的长篇钜作，被称之为影史上最伟大的西部片。故事叙述一名神秘客来到小镇上，被卷入一名寡妇与铁路大亨的土地抢夺战，此片最有趣的角色，是由一向形象正义的亨利方达，难得在此片中扮演一名冷面的残酷杀手，从头到尾几乎没有表情，只有嘴角偶尔小有动作，让人不寒而栗... 当年影片在美国上映时，曾因为片长过长而被片商修剪，导致故事架构含混不清，语焉不详。,剧情|西部,1968,8.282,4688,赛尔乔·莱昂内,166,,非常hope|非常love,love|hope,5,70
1186532,摇篮,The Forge,高中毕业后，以赛亚对未来没有任何规划，他受到激励，开始做出更好的人生决定。,剧情|家庭,2024,8.278,308,亚历克斯·肯德里克,123,,非常hope|值得一看|情感真挚,hope,1,71
1585,生活多美好,It's a Wonderful Life,圣诞夜前夕，贝德福德镇的每一个人都在祈求上天去帮助乔治·贝莱。人们的祈祷感动了上苍，一个还没有长出翅膀的天使被派去帮助乔治。在这位天使要实施帮助之前，他必须知道谁是乔治。在经过一番访查之后，原来乔治·贝莱就是出身在这个小镇的一个普通人，他梦想着有一天能够离开这里，在世界上留下一点痕迹。他的家庭的生活之源建立在这个小镇上好人和那个富有的吝啬鬼的表现之上。那个吝啬鬼喜欢从别人那里拿走东西而不顾别人的感情。就在乔治计划离开的时候，他的父亲去世了。乔治不得不接管父亲的生意，但他总是失败。于是乔治决定自杀。守护天使亨利崔佛斯则让他看到他过往的义行和错误，告訴他的生活将会是精彩的。,剧情|家庭|奇幻,1946,8.3,4658,Frank Capra,130,,非常hope|悲伤但充满希望|非常sadness,sadness|hope,5,72
18491,新世纪福音战士剧场版：Air / 真心为你,新世紀エヴァンゲリオン劇場版 Air／まごころを、君に,《新世纪福音战士》系列第二部剧场版，于 1997 年 7 月 19 日在日本上映。全名：《新世纪福音战士剧场版：THE END OF EVANGELION》（日语：新世紀エヴァンゲリオン 劇場版 THE END OF EVANGELION - Air/まごころを、君に，英语：NEON GENESIS EVANGELION: THE END OF EVANGELION - AIR/SINCERELY YOURS）。剧情承接 TV 动画版第 24 集，包括了重新制作的第 25 、第 26 话。在这部剧场版中第 25 话的名字是 “AIR”（天空），而副标题是 “LOEV IS DESTRUCTIVE”（爱是一种伤害）；第 26 话的名字是 “YOUR SINCERELY”（真心为你），副标题是“ONE MORE FINAL: I NEED YOU”（再说最后一遍：我需要你）。剧场版的每一话都和电视版一样有一个 “EYE - CATCH” 镜头（即每集中间那个黑底白字的英文标题）。这部剧场版标志着整个旧世纪《新世纪福音战士》的终结。影片分成 “Air” 与 “真心为你” 两个部分。神秘的 EVA 零号机驾驶员绫波丽，在与碇元渡约定之时，来到了 NERV 底层中央教条的红色水池边。她的命运似乎就将在此结束。在危急时刻，葛城美里不但要完成加持良治交待的对“第二次浩劫”真相以及“人类补完计划”的探查工作，还要保护碇真嗣与明日香，以及防备 SEELE 对初号机与二号机的物理接触。出于对碇元渡的憎恨，赤木律子接受了 SEELE 引爆 MAGI 的提案，她能否成功 ？长期与 SEELE 共事的碇元度、冬月耕造、碇唯，为了防止人类“最终的悲剧”，而酝酿了的“人类补完计划”能否实现 ？尽在《新世纪福音战士》电影版第 2 部中解答。,动画|科幻|剧情|奇幻,1997,8.269,1748,鹤卷和哉,87,,非常tension|非常fear|紧张刺激,fear|tension,1,73
77338,触不可及,Intouchables,因为一次跳伞事故，白人富翁菲利普Philippe（弗朗索瓦·克鲁塞 François Cluzet 饰）瘫痪在床，欲招聘一名全职陪护。由于薪酬高，应聘者云集，个个舌灿莲花，却无法打动他的心。直到黑人德希斯Driss（奥玛·赛 Omar Sy 饰）的出现才让他作出决定。德希斯刚从监狱出来，背负家庭重担，一心只想寻张辞退信以申领救济金，而且他明显对女助理的兴趣要远大于这份工作。但是菲利普还是一眼相中了这个小伙子。于是，德希斯开始了一个月的试用期。虽然舒适的豪宅环境让他倍感虚荣，但是他仍面临很多挑战：不仅要为菲利普作身体复健，还得给他洗浴、灌肠、拆信、穿丝袜等。起初，两人的思维方式与价值观大相径庭，但是，随着了解的不断深入，他们成为了朋友。本片取材于真实事件，获2011年东京电影节最佳影片金麒麟奖，弗朗索瓦·克鲁塞与奥玛·赛分享影帝桂冠。,剧情|喜剧,2011,8.271,17981,埃里克·托莱达诺,112,,非常joy|非常sadness,sadness|joy,1,74
28,现代启示录,Apocalypse Now,　　越战期间，美军情报官员威尔德上尉奉命除掉库尔兹上校---一个叛逃美国军人。接到命令后，威尔德率领小分队，冒险乘小艇深入柬埔寨。在一处偏僻的热带丛林里，精神失常的库尔兹上校以其嗜血成性的残暴统治着当地土著居民，成为当地人盲目崇拜、迷信的图腾，他在丛林中建立了一个恐怖王国。随着小艇潜入到柬埔寨深处，威尔德一行人似乎卷入一个超乎现实、彻底疯狂的世界，淹没在人类灵魂最黑暗、卑劣的阴影里。,剧情|战争,1979,8.271,8749,弗朗西斯·科波拉,202,这就是终点...,非常fear|紧张刺激,fear,5,75
1356039,边境奇袭,Contraataque,一场人质营救行动带来了新的敌人，格雷罗上尉和他的精英士兵们必须应对残忍犯罪团伙的埋伏。,动作|冒险|惊悚,2025,8.269,767,Chava Cartas,85,,非常tension|非常joy,tension|joy,0,76
92321,萤火之森,蛍火の杜へ,某年夏天，6岁小女孩竹川萤来到爷爷家度假，她闯进了传说住满妖怪的山神森林。正当她因为迷路而焦急万分的时候，一个戴着狐狸面具的大男孩出现在她面前，并引领着萤找到回家的路。虽然萤分外感激，可是男孩却禁止她碰触自己的身体，原来这名叫银的男孩并非人类，他一旦被人类碰触就会烟消云散。在此后的日子里，萤和银成为好朋友，他们走遍了森林的每一个角落玩耍。日复一日，年复一年，每到夏天的时候萤就会如约来到森林和好朋友见面。她遵守着和银的约定，无论如何也不碰触银的身体。随着年龄的增长，萤和银对彼此的情感都悄悄发生了变化，他们共同期待相聚的日子，共同期待拥抱对方。本片根据绿川幸的原作改编。,爱情|动画|奇幻,2011,8.269,1180,大森贵弘,44,我已经等不到夏天了,非常hope|值得一看|情感真挚,hope,0,77
632632,GIVEN 被赠与的未来 剧场版,映画 ギヴン,高中生上山立夏热爱演奏吉他，与春树和秋彦合组一个小乐队。某个午休，他意外帮佐藤真冬修好吉他弦后，被真冬拜托教吉他，而后又在听到真冬的歌声后邀请他加入乐队。立夏在相处的过程中渐渐喜欢上真冬，真冬有一个彼此互相喜欢并支持的青梅竹马，但那个人却自杀了，因那个人喜欢吉他，真冬才一直很想学。那个人没有做到的事，没有坚持的陪伴，立夏都帮他实现了，真冬也开始慢慢喜欢上立夏。另外一对CP春树和秋彦，春树一直默默喜欢着秋彦，为他留着长发，但秋彦却与极具音乐才华的小提琴家雨月同居在一起。动画影集以高中生的真冬与立夏两人间悲伤恬淡的爱情为主轴，首部剧场版则为大人组三人的春树、秋彦、雨月，炽热的三角恋拉开序幕。,动画|剧情|音乐|爱情,2020,8.3,409,山口光,59,想要在你身边继续歌唱,非常joy|非常love|有些anger|温暖治愈,joy|love|anger,0,78
901,城市之光,City Lights,流浪汉努力帮助他爱上的失明卖花女。,喜剧|剧情|爱情,1931,8.3,2353,查理·卓别林,87,,值得推荐|非常love|情感丰富,love,1,79
975,光荣之路,Paths of Glory,第一次世界大战期间，当士兵拒绝继续执行不可能完成的进攻时，他们的上级军官决定杀鸡儆猴。,战争|剧情,1957,8.259,3137,斯坦利·库布里克,87,一将功成万骨枯,紧张刺激|非常fear|非常sadness,fear|sadness,3,80
637920,七号房的礼物,7. Koğuştaki Mucize,梅莫（阿拉斯·布鲁特·伊涅姆利 Aras Bulut Iynemli 饰）虽然生得人高马大，但却只有相当于6岁孩童一般的智慧，他带着女儿奥瓦（妮莎·索菲亚·阿克松古尔 Nisa Sofiya Aksongur 饰），同奶奶法蒂玛（塞利尔·托扬·乌伊萨尔 Celile Toyon Uysal 饰）生活在一起，日子虽然过得紧巴巴的，但一家人能够团聚就是最大的快乐。  哪知道某日祸从天降，连一只蚂蚁都不愿意踩死的梅莫，竟然背负上了莫须有的杀人罪名，被关进了七号牢房中，单纯的梅莫并不知道自己即将面临怎样悲惨的命运。在监狱里，梅莫很快就和他的狱友们成为了朋友，梅莫开朗乐观的性格感染了周围的每一个人，给他们带来了快乐和希望，为了回报梅莫，这些曾经“穷凶极恶”的罪人们决定用他们的性命为筹码，来实现梅莫一个希冀已久的愿望。,剧情,2019,8.3,4497,Mehmet Ada Öztekin,132,,值得推荐|非常joy|情感丰富,joy,0,81
8587,狮子王,The Lion King,　　辛巴是荣耀王国的小王子，他的父亲穆法沙是一个威严的国王。然而叔叔刀疤却对穆法沙的王位觊觎已久。要想坐上王位，刀疤必须除去小王子。于是刀疤利用种种借口让辛巴外出，然后伺机大开杀戒，无奈辛巴被穆法沙及时来救。在反复的算计下，穆法沙惨死在刀疤手下。刀疤一方面别有用心地劝辛巴离开，一方面派人将他赶尽杀绝。辛巴逃亡中遇到了机智的丁满和善良的彭彭，他们抚养辛巴长成雄壮的大狮子，鼓励他回去森林复国。在接下来一场复国救民的斗争中，辛巴真正长成一个坚强的男子汉，领会了责任的真谛。,家庭|动画|剧情|冒险,1994,8.256,19173,罗杰·艾勒斯,89,,值得推荐|非常love|情感丰富,love,2,82
29259,洞,Le Trou,四名长期服刑的囚犯小心翼翼地将一名新囚犯引入他们精心策划的越狱计划中，由此产生了不信任和不确定性。,剧情|惊悚|犯罪,1960,8.3,531,Jacques Becker,132,,非常anger|非常tension|非常sadness,sadness|tension|anger,2,83
10376,海上钢琴师,La leggenda del pianista sull'oceano,男主角1900（人名）是一个被人遗弃在蒸气船上的孤儿，被船上一位好心的烧炉工收养，然而好人不得好报，烧炉工在一次意外中死亡，只有8岁大的1900又再度成为了孤儿。过人的天赋使他无师自通成了一名钢琴大师，但宿命也令他天然地对红尘俗世深怀戒意，他从不敢离船上岸去，只因纽约无际的高楼和川流不息的人群令他迷失自我。纵使后来遇上了一位一见钟情的少女，他思量再三后，还是放弃了上岸寻找初恋情人的冲动...,剧情|音乐,1998,8.247,2366,朱塞佩·托纳多雷,170,,引人深思|情感强烈|非常sadness,sadness,0,84
670,老男孩,올드보이,女儿生日那天，中年男子吴大修（崔岷植饰）在醉酒回家路上，突遭不明身份的人绑架失踪。就此，他毫无理由地被囚禁在一个神秘的私人监狱中。寻死未果的吴大修，每天看电视，三餐吃煎饺。通过电视，他得知妻子已遭杀害，女儿下落不明，自己更被怀疑为凶手。就此，吴大修开始锻炼身体，决心复仇，并在牢中度过漫长的15年...,剧情|惊悚|悬疑|动作,2003,8.245,9375,朴赞郁,120,15年监禁……5天复仇,非常anger|非常joy|非常loneliness|非常tension,anger|joy|loneliness,3,85
572154,青春猪头少年不会梦到怀梦美少女,青春ブタ野郎はゆめみる少女の夢を見ない,"居住在天空与海洋辉映的城镇“藤泽”的梓川咲太，就读高中二年级。 他与既是学姐又是恋人的樱岛麻衣所度过的令人雀跃的日常，随着初恋对象牧之原翔子的出现而改变。 不知为何，存在着“中学生”和“大人”两个翔子。 出于无奈开始和翔子住在一起的咲太，受到“大人翔子”的捉弄，和麻衣的关系也变得尴尬。 此时，“中学生翔子”身患重病的事实被发现，咲太的伤痕开始隐隐作痛——。",动画|爱情|剧情|奇幻,2019,8.242,569,增井壮一,90,时间与记忆、我都一起带到未来,非常anger|值得一看|情感真挚,anger,0,86
504253,我想吃掉你的胰脏,君の膵臓をたべたい,“没有名字的我，没有未来的她” 对他人毫无兴趣，总是独自一人读书的高中生“我”。这样的“我”有一天，偶然捡到一册写着《共病文库》的文库本。那是，天真烂漫的班上人气王·山内樱良私下记录的日记本。里面记载着她身患胰脏的疾病，已经时日无多……。隐藏自己的疾病度过日常的樱良，与知晓其秘密的“我”。— 两人的距离，还没有名字。,动画|剧情|爱情,2018,8.242,1687,牛岛新一郎,109,我想进入你的世界，活在你的心里 。,非常anger|值得一看|情感真挚,anger,0,87
630566,云上情歌,Clouds,美国男孩扎克·索比赫14岁被诊断患有骨肉瘤(18岁去世)，多次手术和化疗并未遏制癌症发展，在得知自己只剩几个月寿命后，他创作了《云》这首歌，感谢自己身边的人和所经历的一切，乐观面对。,音乐|剧情|爱情,2020,8.24,1037,贾斯汀·贝尔杜尼,121,,非常love|非常sadness,sadness|love,0,88
447362,一年中的生活,Life in a Year,泰伦斯·霍华德(《嘻哈帝国》)确认加盟加盟新片[一年中的生活](Life In A Year，暂译)。该片将由Mitja Okorn执导，讲述一个17岁的男孩，在发现患有癌症的女朋友只剩下一年的生命后，决定在她还没离去的这一年给她一个完整的人生。贾登·史密斯、卡拉·迪瓦伊加盟主演，泰伦斯饰贾登的父亲。,剧情|爱情,2020,8.24,1943,Mitja Okorn,107,,非常love|非常sadness,sadness|love,1,89
299534,复仇者联盟4：终局之战,Avengers: Endgame,几近绝望的复仇者们在惊奇队长的帮助下找到灭霸归隐之处，却得知六颗无限宝石均被销毁，希望彻底破灭。五年后，迷失在量子领域的蚁人意外回到现实世界，他的出现为幸存的复仇者们点燃了希望。与美国队长冰释前嫌的托尼找到了穿越时空的方法，星散各地的超级英雄再度集结，他们将分别穿越不同的时代去搜集无限宝石。与此同此，平行宇宙的灭霸察觉了他们的计划。这是一场注定要载入史册的终局之战，超级英雄们为了心中恪守的信念前仆后继……,冒险|科幻|动作,2019,8.238,26959,乔·罗素,181,逆转无限 不惜一切代价,值得推荐|非常joy|情感丰富,joy,5,90
299536,复仇者联盟3：无限战争,Avengers: Infinity War,随着复仇者联盟及其盟友继续保护世界免受来自任何单一英雄难以承担的威胁，一个新的危险从宇宙的阴影中浮现——灭霸。作为一个星际恶名昭彰的暴君，他的目标是收集所有六颗无限宝石，这些宝石拥有难以想象的力量，并利用它们将扭曲的意志强加于现实的每一个角落。复仇者们为此奋斗的一切都指向了这一刻——地球和整个存在的命运从未如此不确定。,冒险|动作|科幻,2018,8.236,31176,安东尼·罗素,156,十年布局 巅峰一役,非常hope|非常joy|非常tension,joy|tension|hope,5,91
603,黑客帝国,The Matrix,不久的将来，网络黑客尼奥对这个看似正常的现实世界产生了怀疑。他结识了黑客崔妮蒂，并见到了黑客组织的首领墨菲斯。墨菲斯告诉他，现实世界其实是由一个名叫“母体”的计算机人工智能系统控制，人们就像他们饲养的动物，没有自由和思想，而尼奥就是能够拯救人类的救世主。可是，救赎之路从来都不会一帆风顺，到底哪里才是真实的世界？如何才能打败那些超人一样的特勤？尼奥是不是人类的希望？这是黑客的帝国，程序和代码欢迎大家的到来。,动作|科幻,1999,8.236,27045,拉娜·沃卓斯基,136,欢迎来到现实世界,非常hope|值得一看|情感真挚,hope,5,92
508965,克劳斯：圣诞节的秘密,Klaus,贾斯帕（詹森·舒瓦兹曼饰）被认为是邮政学院最差的学生，他驻扎在北极圈内的一个冰冻岛屿上，那里的当地人之间几乎不交流，更不用说写信了。当贾斯帕准备放弃之时，他找到了自己的盟友阿尔娃（当地的一名教师，拉什达·琼斯饰），并发现了克劳斯（奥斯卡奖得主 J·K·西蒙斯饰），克劳斯是一个神秘的木匠，独自住在一个满是手工玩具的小屋里。这几段不可思议的友谊让斯密伦斯堡又重新充满了欢声笑语，创造出了新的故事，这里有慷慨的邻居、神奇的传说和小心翼翼挂在烟囱上的长袜。《克劳斯：圣诞节的秘密》是一部节日喜剧动画片，由《神偷奶爸》联合创剧人塞尔希奥·巴勃罗斯担任导演，由琼·库萨克、威尔·萨索和诺曼·麦克唐纳徳联袂主演。,动画|家庭|冒险|喜剧|奇幻,2019,8.231,4406,塞尔吉奥·巴勃罗斯,96,,值得推荐|非常joy|情感丰富,joy,2,93
568332,泰勒·斯威夫特：“举世盛名”巡回演唱会,Taylor Swift: Reputation Stadium Tour,您已读过头条，听过传闻，而现在她将用红唇唱出真相。泰勒·斯威夫特将赠予全世界观众近距离观赏“泰勒·斯威夫特的名誉体育场巡回演唱会”在美国最后一场表演的机会，该巡回演唱会是美国历史以来销售额最高的巡演，现在仅在 Netflix 上放映！这部传奇的演唱会电影将展示火焰特技、烟花、数个场景以及 63 英尺的眼镜蛇卡林。《泰勒·斯威夫特的名誉体育场巡回演唱会》将从 12 月 31 日起在 Netflix 上面向全球上线，您可以随处观看这场销售一空并追高清囊括 6 万人的表演——无论是在家庭聚会上，东区的酒吧里，还是在沙发上和猫一起看。无论如何，这都将是一个最佳的新年夜计划。你准备好了吗？,音乐,2018,8.224,415,保罗·达格代尔,125,,非常sadness|非常joy|非常hope|悲伤但充满希望|励志感人|非常inspiration,hope|inspiration|joy,0,94
527641,五尺天涯,Five Feet Apart,17岁女孩Stella和男孩Will身患囊肿性纤维化疾病，他们在医院治疗的过程中相识相爱，两人必须抓紧每分每秒活着的时间。他们的爱情能够战胜疾病和死亡吗？,爱情|剧情,2019,8.226,5812,贾斯汀·贝尔杜尼,116,,值得推荐|非常love|情感丰富,love,0,95
654299,从天而降,Como caído del cielo,墨西哥传奇人物佩德罗·因凡特（Pedro Infante）在地球上又获得了一次机会，可以为自己与女性的交往赎罪，并在一个模仿者的身体里赢得天堂.,喜剧|剧情|音乐,2019,8.225,364,Pepe Bojórquez,112,,非常joy|非常sadness,joy|sadness,0,96
490132,绿皮书,Green Book,托尼（维果·莫腾森 Viggo Mortensen 饰）是一个吊儿郎当游手好闲的混混，在一家夜总会做侍者。这间夜总会因故要停业几个月，可托尼所要支付的房租和生活费不会因此取消，所以他的当务之急是去寻找另一份工作来填补这几个月的空缺。在这个节骨眼上，一位名叫唐雪莉（马赫沙拉·阿里 Mahershala Ali 饰）的黑人钢琴家提出雇佣托尼。唐雪莉即将开始为期八个星期的南下巡回演出，可是，那个时候南方对黑人的歧视非常的严重，于是托尼便成为了唐雪莉的司机兼保镖。一路上，两人迥异的性格使得他们之间产生了很多的矛盾，与此同时，唐雪莉在南方所遭受的种种不公平的对待也让托尼对种族歧视感到深恶痛绝。,剧情|喜剧|历史,2018,8.2,12396,彼得·法雷利,130,世界上那么多孤独的人 因为他们都没有勇气迈出第一步,引人深思|非常tension|情感强烈,tension,5,97
25237,自己去看,Иди и смотри,这是一部很特殊的战争题材电影，它真实地描写了德占区人民的悲惨遭遇和场面，以及人们面对突如其来的灾难的恐惧，反映了战争的真实面目。它既不同于《斯大林格勒保卫战》、《攻占柏林》这些正面战场的血肉横飞、排山倒海、摧枯拉朽，也不同与《这里的黎明静悄悄》、《星》所描写的局部战斗中体现的平凡悲壮，更不是战地浪漫曲，而是降临在平民百姓头上血淋淋的残酷。影片的事件和恐怖场面远超过任何一部描写德军集中营的电影，令人毛骨悚然，提醒胆小和心软者慎看。,剧情|战争,1985,8.2,1701,Элем Климов,136,,非常fear|紧张刺激,fear,1,98
857,拯救大兵瑞恩,Saving Private Ryan,"瑞恩（马特•达蒙 饰 ）是二战期间的美国伞兵，被困在了敌人后方。更不幸的是，他的三个兄弟全部在战争中死亡，如果他也遇难，家中的老母亲将无依无靠。 美国作战总指挥部知道了这个情况，毅然决定组织一个小分队前往救援，其中包括米勒上尉（汤姆•汉克斯 饰 ）和翻译厄本（杰里米.戴维斯 饰）。然而，敌方危险重重，他们一路上随时与死亡打交道。他们非常怀疑，到底值不值得冒着八个人的生命危险，去搭救一个人。 大家一路辗转寻找瑞恩，对于这次搭救行动，有人不满，有人热忱，有人好奇。大家一次次闻到死神的气息，瑞恩的获救付出了沉重的代价",战争|剧情|历史,1998,8.221,16673,史蒂文·斯皮尔伯格,169,任务是拯救一个人,非常anger|值得一看|情感真挚,anger,5,99
98,角斗士,Gladiator,马克西蒙斯是罗马帝国战功显赫，受人拥戴的大将军。老国王马库斯·奥利利乌斯对大将军赏识有加，有意加冕于他。老国王对将军这种超越亲情的宠爱自然招来太子康莫迪乌斯的妒忌与不安，太子伺机杀害父亲，抢先登上王位，并马上下令诛杀大将军一家。马克西蒙斯死里逃生躲过暴君的魔爪，可是他所有的家人都未能幸免于难，返回家园，他只看到满目疮痍的破败景象。走投无路的马克西蒙斯只能投身为奴，从昔日的大将军沦为一名角斗士，在血腥厮杀中苟且求生。凭借英勇的气魄和高超的武艺，马克西蒙斯渐渐脱颖而出，晋级到罗马的大角斗场。这一次，他的剑直指暴君康莫迪乌斯，失去亲人的痛苦，沦为奴隶的屈辱，在马克西蒙斯的内心燃起了熊熊怒火。,动作|剧情|冒险,2000,8.2,20253,雷德利·斯科特,155,英雄崛起。,非常peace|非常joy|心灵平静,joy|peace,5,100
24188,安逸人生,Il sorpasso,1962年的夏天，罗伯托和布鲁诺结伴去托斯卡纳地区游玩，这两人的性格年龄都大相径庭。罗伯托是个羞涩内向的学生，而布鲁诺则是个精力旺盛、反复无常的中年人。在旅途中两人慢慢熟悉了解，布鲁诺成功人士和上流社会的派头让罗伯托心生艳羡，但同时他也看到了布鲁诺空虚、肤浅和不快乐的另一面。,剧情|喜剧|冒险,1962,8.22,813,迪诺·里西,105,,非常joy|非常sadness,joy|sadness,0,101
110420,狼的孩子雨和雪,おおかみこどもの雨と雪,在某国立大学念书的花（宫崎葵 配音）与偶然来校旁听的男子（大泽隆夫 配音）坠入爱河，即使对方是一名狼人，她也义无反顾投入对方怀抱。此后的岁月里，花先后生下女儿小雪和儿子小雨。谁知厄运突然降临，温柔的丈夫撒手人寰。柔弱而坚强的花竭尽全力抚养两个孩子长大，吃穿用度，衣食住行 ，无一不牵扯她的心思。而子女狼人的身份也迫使他们离开繁华大都市，前往宁静的山野乡村求生。他们在一栋古旧的民房内落脚，小雪顽劣张扬，小雨纤细内敛，姐弟俩以狼的身姿穿行于深山密林，享受着前所未有的快乐与自由。在此期间，以韭崎爷爷（菅原文太 配音）为代表的村民也给花一家带来无微不至的关怀。小雪和小雨渐渐长大，他们也终于迎来决定身份和前路的重要时刻……,动画|家庭|剧情|奇幻,2012,8.217,2397,细田守,117,,值得推荐|非常joy|情感丰富,joy,3,102
265177,妈咪,Mommy,"单亲妈妈戴安（安妮·杜尔瓦勒 Anne Dorval 饰）大大咧咧，抽烟喝酒满口脏话，有着一颗不服输的心。她独自抚养患有多动症、常做出暴力行为的儿子斯蒂夫（安托万-奥利弗·波尼安 Antoine-Olivier Pilon 饰），母子关系游走在爆炸的边缘。戴安担心斯蒂夫惹是生非，斯蒂夫迫切想表达对妈妈的爱。新邻居凯拉（苏珊娜·克莱蒙 Suzanne Clément 饰）适时出现，这位患有失语症的高中女教师充当了母子的缓冲阀，让三个人都开始看到平衡和希望。然而斯蒂夫以前暴力行为带来的后果正在发酵，戴安需要支付一大笔赔偿金。她决定出卖自己的幸福并且做出一个痛苦决定：将儿子送回医院接受治疗...... 《妈咪》是加拿大年轻导演泽维尔·多兰执导的第五部剧情长片，与多兰五年前在戛纳导演双周单元惊艳亮相的处女作《我杀了我妈妈》构成对照，同样讲述单亲家庭中狂躁而又深刻、依赖而又隔膜的母子关系。但不同于《我杀了我妈妈》的高度自传属性，《妈咪》更加宽厚和温暖，情绪更加饱满，几乎可以看作是多兰为自己处女作年少轻狂做出的一份愧意表达。本片入围第67届戛纳电影节主竞赛单元，与《再见语言》并列评审团奖。 ©豆瓣",剧情,2014,8.2,2790,泽维尔·多兰,138,,非常hope|非常joy,joy|hope,0,103
92060,迈克尔·杰克逊：颤栗,Michael Jackson's Thriller,"黑人女青年（欧拉·蕾 Ola Ray 饰）跟男友（迈克尔·杰克逊 Michael Jackson 饰）因为汽车没油了走在回家的路上，男友像她示爱，女青年欣然接受，但是男青年向她透露自己跟常人不一样。正当女青年在犯迷糊之时男友已经趁着月光变身成了狼人，关键时刻镜头一转才发现真实的情况是这只是女青年和男友正在看的恐怖片。女青年因为害怕决定要早走，男友追上了她，解释一番过后两个嬉笑着回家。但是真正的危险正在发生，当他们路过一片墓地时，恐怖的食人尸都从地底下爬了出来…… 　　本短片是迈克尔·杰克逊的歌曲《Thriller》的音乐录影带，本片意义非凡，成功开启了有剧情的MV时代。",恐怖|惊悚|音乐,1983,8.2,726,约翰·兰迪斯,14,,非常fear|紧张刺激,fear,0,104
995133,男孩、鼹鼠、狐狸和马,"The Boy, the Mole, the Fox and the Horse",　　查理·麦克西的同名绘本改编的手绘动画，关于善良、友谊、勇气和希望，通过一段辛酸而真挚的旅程，讲述了一个男孩、一只鼹鼠、一只狐狸和一匹马，四个孤独的灵魂在寻找家的过程中结伴而行，并在彼此身上找到了自己存在的意义。,动画|家庭|冒险|奇幻,2022,8.217,672,Charlie Mackesy,35,一次寻找家的旅行。,非常anger|非常hope,hope|anger,1,105
16869,无耻混蛋,Inglourious Basterds,故事分五章进行。二战中德占法国，德军上校汉斯（克里斯托弗·瓦尔兹 Christoph Waltz 饰）号称“犹太猎人”，在一次屠犹行动中，少女苏珊娜（梅勒尼·劳伦特 Mélanie Laurent 饰）侥幸逃脱。与此同时，八名美国犹太士兵在中尉奥尔多（布拉德·皮特 饰） 的带领下潜入德占法国刺杀德国军人，其行动神出鬼没，手法残忍，对德军造成相当威胁，被称为“杂种”。三年后苏珊娜来到巴黎继承了姑母的电影院，结识了德国战斗英雄，电影《国家荣耀》的主演弗里德里克（丹尼尔·布鲁赫 Daniel Brühl 饰）。对苏珊娜一见钟情的弗里德里克说服德国宣传部长约瑟夫·戈培尔（西尔维斯特·格洛斯 Sylvester Groth 饰）在苏珊娜的影院首映《国家荣耀》，希特勒（马丁·乌特克 Martin Wuttke 饰）本人也将出席。苏珊娜决定借放映之机烧毁影院；而在德国间谍女演员布里奇特（戴安娜·克鲁格 Diane Kruger 饰）的安排下，英美联合的刺杀行动“奇诺”也将在首映当晚行动……,剧情|惊悚|战争,2009,8.214,23448,昆汀·塔伦蒂诺,153,一场可耻的，喧闹刺激的复仇之旅,非常tension|非常fear|紧张刺激|非常sadness,sadness|tension|fear,4,106
618344,黑暗正义联盟：天启星战争,Justice League Dark: Apokolips War,在星际暴君达克赛德（Darkseid）摧毁正义联盟（Justice League）后，地球被毁灭了，这场战争是由DC超级英雄发动的。现在，正义联盟、少年泰坦、自杀小队和其他各色各样的好堡垒必须重新集结，制定战略，并将战争带到黑暗世界，以拯救地球及其幸存居民。,动画|动作|冒险|奇幻,2020,8.212,1524,Matt Peters,90,,非常hope|值得一看|情感真挚,hope,1,107
37257,控方证人,Witness for the Prosecution,本片改编自阿加莎·克里斯蒂同名小说。  伦敦著名刑案辩护律师韦菲爵士接受了心脏病治疗，但是身体依旧虚弱，第一天回家休养，护士一直严厉监督他服药，并杜绝烟酒。管家为了便于上楼，还专门为他修了电梯。但是，种种关心照顾，对于这位桀骜不驯、牙尖嘴利的大律师根本不起作用，反倒是一纸诉状令他倍感兴奋。律师梅休和当事人沃尔登门拜访，请他出山打官司。原来，沃尔结识了富婆，两人相见甚欢，虽然仆人对他发明的打蛋器充满鄙夷，但是富婆却对他充满爱意，甚至为他修改了遗嘱，把8万英镑留给了他。然而，富婆却惨遭毒手。于是，沃尔成为警方的头号嫌疑犯。他的唯一证人是妻子克里斯汀，然而后者登门时的冷漠与淡定，令韦菲爵士怀疑这其中另有隐情。在扑朔迷离的案件背后，隐藏着一个个环环相扣、不可告人的秘密……,剧情|悬疑|犯罪,1957,8.212,1575,比利·怀尔德,116,,非常anger|非常tension|非常sadness,sadness|tension|anger,4,108
635302,鬼灭之刃剧场版：无限列车篇,劇場版「鬼滅の刃」無限列車編,炭治郎等人完成蝴蝶屋的训练，下一个目的地是开往黑暗的无限列车。以多人行踪不明的这辆列车为舞台，炭治郎带着祢豆子与善逸、伊之助一行人，与鬼杀队最强剑士〝柱〞其中之一炎柱炼狱杏寿郎会合，新的任务即将开始！,动画|动作|奇幻,2020,8.21,4322,外崎春雄,117,挥舞此刀，断绝梦魇,非常anger|值得一看|情感真挚,anger,3,109
315162,穿靴子的猫2,Puss in Boots: The Last Wish,时隔11年，臭屁自大又爱卖萌的猫大侠回来了！如今的猫大侠（安东尼奥·班德拉斯 配音），依旧幽默潇洒又不拘小节、数次“花式送命”后，九条命如今只剩一条，于是不得不请求自己的老搭档兼“宿敌”——迷人的软爪妞（萨尔玛·海耶克 配音）来施以援手来恢复自己的九条生命。,动画|冒险|奇幻|喜剧|家庭,2022,8.21,8504,乔尔·克劳福德,103,,非常fear|紧张刺激,fear,5,110
803796,K-POP：猎魔女团,KPop Demon Hunters,K-pop 超级明星鲁米、米拉和佐伊如果不是在座无虚席的体育场举办演唱会，就是在利用自己的秘密力量保护粉丝们免受超自然威胁。,奇幻|音乐|喜剧|动画,2025,8.206,1976,Chris Appelhans,96,,值得推荐|非常joy|情感丰富,joy,4,111
694,闪灵,The Shining,杰克 是一个作家。一个冬天，他得到了一个看管山顶酒店的差事。这正合杰克的意思，他正好可以有一个幽静的地方写作。于是杰克带着妻儿搬进了酒店。冬天大雪封路，山顶酒店只有杰克一家三口。从他们一搬进来，杰克的妻子温蒂 就发现这里气氛诡异，杰克的儿子丹尼 经常看到一些他不认识的人，但这里除了他们一家别无他人。而杰克除了一整天闷头写作外，脾气亦变得越来越古怪。直到有一天，温蒂发现丈夫这些天来一直写就只有一句话：杰克发疯了！,恐怖|惊悚,1980,8.207,18367,斯坦利·库布里克,119,,非常loneliness|非常joy|非常fear|紧张刺激,fear|joy|loneliness,5,112
1124,致命魔术,The Prestige,19世纪末，人们对科学文明的认知还不太清楚，于是，安吉尔（休·杰克曼Hugh Jackman饰）和伯登（克里斯蒂安·贝尔Christian Bale饰）凭借魔术，成为了伦敦城内的神奇人物。安吉尔出身贵族，魔术手段华丽丰富，是富人圈子里的表演常客。而伯登即使出身平平，争强好胜的心智和充满创造力的魔术技巧，却也令他有了名气。两人自小便是要好的伙伴，然而，现在魔术界二人各有领地，并且都有野心想成为顶级魔术师，一番明争暗斗如箭在弦上。伯登掌握了精彩的分身术，叫座又叫好。而安吉尔见情势不妙，搬来科学家助阵——他发明的交流电有无穷魔力，保证让观众目瞪口呆。二人出招接招，一来一往，争斗在剧烈升级，友谊和道德都被抛诸脑后，一场血案在悄悄酝酿。,剧情|悬疑|科幻,2006,8.205,16985,克里斯托弗·诺兰,130,千万别眨眼,非常anger|值得一看|情感真挚,anger,5,113
283566,福音战士新剧场版：终,シン・エヴァンゲリオン劇場版:||,葛城美里和她的反“NERV”组织WILLE到达因为地球核心化而呈赤红色的巴黎。船员从旗舰奇迹号上降落到一个密闭塔，他们只有720秒的时间来复原城市。此时多架“NERV”组织的福音战士出现，真希波驾驶福音战士8号机·改加以拦截。同时，碇真嗣、明日香和绫波零在日本附近徘徊。,动画|动作|科幻|剧情,2021,8.2,889,鹤卷和哉,154,再见了，所有的福音战士。,非常sadness|非常joy|非常hope|悲伤但充满希望|非常tension,joy|tension|hope,0,114
50014,相助,The Help,　　上世纪60年代，在密西西比州，黑佣艾比里恩（维奥拉•戴维斯 Viola Davis 饰）勤勤恳恳照顾女主人的女儿，后者因产后抑郁症只顾与闺蜜贪欢。密西西比大学毕业生斯基特（艾玛•斯通 Emma Stone 饰）在报社负责家庭主妇信箱，并由此开始黑佣的生存状态。其中，希利（布莱丝•达拉斯•霍华德 Bryce Dallas Howard 饰）无疑是反面教材，她态度傲慢，对黑佣米妮（奥克塔维亚•斯宾瑟 Octavia Spencer 饰）抱有偏见，并力主黑佣不能与主人共用厕所。最终因不堪受辱，米妮愤然离去，并以牙还牙，假借道歉之机让她蒙羞。斯基特开始采访艾比里恩和米妮，希望了解黑佣的生存状态，并为自己的新书积累素材。与此同时，马丁路德金领导的平权运动正在如火如荼地开展，而斯基特所在的密西西比州正是斗争的前沿，因为黑人遭射杀的血案，种族隔离开始，一场肤色之争在所难免……,剧情,2011,8.204,8758,塔特·泰勒,146,从一句悄悄话开始改变,非常anger|值得一看|情感真挚,anger,4,115
11,星球大战4：新希望,Star Wars,邪恶的银河帝国控制了整个银河系，各星系居民饱受暴政之苦，反叛军仍旧坚持不懈地与之对抗。奥尔德兰行星的莱娅公主（凯莉·费舍尔 饰）得到情报人员窃取的帝国秘密武器——死星设计图，却在达斯·维德（大卫·普劳斯 饰）的穷追下被俘，但她已把数据输入机器人 R2-D2 的计算机中。机器人 R2-D2 和 C-3PO 逃亡到一个遥远的星球塔图因。年轻人卢克（马克·哈米尔 饰）发现了 R2-D2 中的求救信息，并找到在反抗帝国的战斗中幸存的绝地武士欧比旺·克诺比（亚历克·吉尼斯 饰）。他们一行在走私船长汉·索罗（哈里森·福特 饰）的帮助下，营救出了公主。卢克在克诺比所教给他的“原力”的帮助下，摧毁了死星。经过战斗的洗礼，卢克成为一名出色的自由战士。,冒险|动作|科幻,1977,8.204,21687,乔治·卢卡斯,121,很久很久以前，在遥远的银河系……,非常hope|非常joy|非常tension,joy|tension|hope,5,116
441130,狼行者,Wolfwalkers,讲述了11岁女孩罗芬的神奇经历。罗芬作为一个年轻的学徒猎人，她和父亲一起来到爱尔兰，准备消灭最后一批在那里的狼，但是改变她的事情来了，她发现了狼行者，此后一连串的古怪故事就发生了……,动画|家庭|冒险|奇幻,2020,8.202,1309,Tomm Moore,102,,心灵平静|非常joy|非常peace|温暖治愈|非常love,joy|peace|love,2,117
11324,禁闭岛,Shutter Island,故事发生于波士顿海湾的一座与世隔绝的小岛上，66名精神病罪犯被关押于此，传言岛上正在进行种种人体实验。重重戒备之下，一个杀害了三个亲生孩子的女犯雷切尔，竟诡异失踪。联邦执法官泰德·丹尼尔和搭档查克奉命上岛调查此事。而泰德此行前来还有一个隐秘的目的——寻找让妻子 葬身火海的凶手。故事遵循这条线索展开，寻找失踪之谜、访问医院工作人员与病人、地毯式搜查……泰德查遍全岛，意外发现岛上多出一份神秘档案：第67号病人的 ！岛上所有秘密无不纠结于这个多出来的人。但究竟谁是67号？,剧情|惊悚|悬疑,2010,8.202,25099,马丁·斯科塞斯,138,有些地方永远不会让你走。,引人深思|非常tension|情感强烈,tension,5,118
354912,寻梦环游记,Coco,一个鞋匠家庭出身的12岁墨西哥小男孩米格，自幼有一个音乐梦，但音乐却是被家庭所禁止的，他们认为自己被音乐诅咒了。在米格秘密追寻音乐梦时，因为触碰了一把吉他而踏上了亡灵土地。每年的亡灵节日，逝去的家人都会返回人间与亲人团聚，但从来还没有人去到过亡灵的世界。米格被多彩绚丽的亡灵世界所震撼，而更令他的惊喜的是，他重逢了逝去的太爷爷和祖辈们，一家人要想办法将米格重新送回人间……,家庭|动画|音乐|冒险,2017,8.201,20454,李·昂克里奇,105,在爱的记忆消失前 请记住我,值得推荐|非常joy|情感丰富,joy,5,119
16672,砂之女,砂の女,　　一个昆虫学家（冈田英次 饰）在沙漠做野外考察，却不慎错过归程班车，被困在一个沙漠中的小村子里。他落脚在一个寡妇（岸田今日子 饰）家，被招待之后发现通往外界的路已经被封住。他慢慢观察村子的各种古怪，比如全部村民每到夜晚都要出动铲沙，以免居住的房屋被沙子埋掉，所有的水都受到管制，实行配给制使用等。收留他的寡妇开始用身体诱惑他，试图和他重组一个家庭，他几次三番尝试逃走都以失败告终，只好表面上虚与委蛇，进入村子定期劳动、享受配给的生活模式，但他内心始终在做逃走的打算。一日，寡妇突发急病，被医生诊断为意外怀孕，大家手忙脚乱带她去送医，男人终于有了千载难逢的逃走机会……,剧情|惊悚,1964,8.2,496,敕使河原宏,123,,非常tension|非常sadness,sadness|tension,2,120
284,桃色公寓,The Apartment,C. C. Baxter是纽约一个大公司的小职员，他的单身公寓经常被公司的高层们用去当作幽会的场所，Baxter也因此获得不少升迁的机会。Baxter暗恋着公司的电梯女郎Fran Kubelik，这天他终于鼓起勇气约了她晚上一起去看一出戏剧。然而Baxter等了一晚却未见Fran的踪影，原来Fran是公司的高管有妇之夫Jeffery Sheldrake的地下情人，那晚他们还在Baxter的公寓幽会。Jeffery信誓旦旦向Fran表示，他将和他的妻子离婚然后和她名正言顺地在一起。Fran相信了，然而几个星期后她又从Jeffery的上一任情人知晓了Jeffery所说的不过是个谎言。另一方面，在一个夜里，当Baxter回到他家的时候，意外地发现Fran竟倒在他的床上，并且服了很多安眠药企图自杀......  本片获1960年奥斯卡十项提名，赢得包括最佳导演、最佳影片在内的五项大奖。,喜剧|剧情|爱情,1960,8.199,2510,比利·怀尔德,125,就电影而言，从未有过这样的作品——论笑料、论爱情，还是论其他任何方面！,值得推荐|非常love|情感丰富,love,4,121
290098,小姐,아가씨,韩国，上世纪30年代，日本占领期间。一位年轻的少女受雇到一位富有的日本小姐家中当女佣。后者在一座巨大的庄园内生活，并受专横的叔叔看管。但这位女佣却有一个秘密。在一个假扮日本伯爵的骗子的帮助下，他们为小姐设下了其他圈套……,惊悚|剧情|爱情,2016,8.2,4102,朴赞郁,145,一只章鱼哥，两双剪刀脚,非常joy|非常love|温暖治愈,joy|love,3,122
313106,神秘博士：博士之日,Doctor Who: The Day of the Doctor,"被列入世界吉尼斯纪录的最长科幻系列电视剧《神秘博士》将迎来第50周年的播放纪念。为了庆祝这部长寿电视剧的半百生日，英国广播公司BBC电视台制作了《神秘博士》特辑，不仅将在英国电视台和电影院同步播映，还将首次以3D形式与观众见面。  　　 据悉，此次纪念活动将成为一次全国性的庆祝活动。BBC电视台电视剧部门相关负责人本·史蒂文森表示这部穿越时空的科幻电视剧的纪念甚至可以与女王的60周年钻禧和奥运会相媲美，庆祝活动将持续一年，并在11月达到高潮。年初，印有11任博士头像的纪念邮票由英国皇家邮政发布。有报道表示，之前几任博士的扮演者将齐聚一堂，在特辑中集体现身。",科幻|冒险,2013,8.2,762,Nick Hurran,75,神秘博士五十周年特别篇,非常hope|非常joy,hope|joy,0,123
829402,奥特曼：崛起,Ultraman: Rising,一名明星运动员不情愿地回到家乡，接替父亲继承奥特曼的衣钵，保护东京免遭巨大怪兽的破坏，成为一名传奇英雄。,动画|科幻|家庭|动作,2024,8.2,354,Shannon Tindle,117,,值得推荐|非常joy|情感丰富,joy,1,124
324786,血战钢锯岭,Hacksaw Ridge,故事改编自二战上等兵军医戴斯蒙德·道斯的真实经历，他因为在冲绳岛战役中勇救75人生命而被授予美国国会荣誉勋章，同时也是首位获此荣誉的在战场上拒绝杀戮的医疗兵。,剧情|历史|战争,2016,8.192,14434,梅尔·吉布森,139,夭矫慕清颜 野村出少年 行伍多龃龉 矢志不为迁 百死身未远 侠骨锻烽烟 黄沙葬焦骨 孰叹孰疯癫,紧张刺激|非常fear|非常sadness,sadness|fear,5,125
1160164,泰勒·斯威夫特：时代巡回演唱会,TAYLOR SWIFT | THE ERAS TOUR,电影《泰勒·斯威夫特：时代巡回演唱会》由知名导演萨姆·伦奇执导，展现了全球流行音乐天后泰勒·斯威夫特2023年时代巡回演唱会的魅力音乐现场，极致呈现泰勒音乐生涯10张创作专辑内40余首歌曲的音乐能量，同时更以超强品质还原出巡回演出现场盛况，以电影视角缔造出2023最后一场狂欢盛宴。,音乐,2023,8.2,484,萨姆·伦奇,169,,非常sadness|非常joy|非常hope|悲伤但充满希望|励志感人|非常inspiration,hope|inspiration|joy,0,126
68718,被解救的姜戈,Django Unchained,1858年，美国南北战争前两年。德国赏金猎人金·舒尔茨（克里斯托弗·瓦尔兹 Christoph Waltz饰）从贩奴商人手中买下黑奴姜戈（杰米·福克斯 Jamie Foxx饰），让其重获自由。舒尔茨实则是要把姜戈培养成无法无天的赏金猎人，为其缉拿各种通缉犯以换取报酬。姜戈的唯一条件是：从暴虐的糖果庄园主卡尔文·坎迪（莱昂纳多·迪卡普里奥 Leonardo DiCaprio饰）手中解救出自己的妻子布鲁姆希尔达（凯丽·华盛顿 Kerry Washington饰）。,剧情|西部,2012,8.185,27285,昆汀·塔伦蒂诺,163,生命、自由与复仇的追求。,引人深思|情感强烈|非常sadness,sadness,5,127
522924,我在雨中等你,The Art of Racing in the Rain,影片改编自Garth Stein所著同名畅销小说，聚焦一只名叫恩佐的狗狗，和他的主人——职业赛车手Denny Swift，恩佐跟着Denny学会了很多生活哲学。,剧情|爱情,2019,8.183,1607,西蒙·柯蒂斯,109,,值得推荐|非常joy|情感丰富,joy,1,128
620683,我的母亲有话说,Minha Mãe é uma Peça 3: O Filme,,喜剧,2019,8.2,489,Susana Garcia,111,,值得推荐|非常joy|情感丰富,joy,0,129
185,发条橙,A Clockwork Orange,　　阿利斯是一位无恶不作的少年，他的特殊喜好是边听贝多芬的交响曲边奸淫女性，某次他进入一所别墅抢劫一番后，打残了该别墅的主人——一名小说家，并用特殊喜好蹂躏了其妻子。后来因为杀了一名单身女子，阿利斯入狱并接受了特殊的人格治疗，出狱后，他对淫乐之事产生彻底的厌倦。但当阿利斯回到家时，周围人群没改变对他的旧看法，在种种歧视的重压下，他跑到郊外一所别墅想喘口气，不想这所别墅正是他以前抢劫过的小说家的那所。而作为反政府组织首领的该小说家为了达到某种目的，软禁了阿利斯。当这件事暴露小说家被捕时，其手下为了对抗政府，扬言要把阿利斯恢复原来的性情，完全不理一旁的阿利斯大叫“我完全好了”。,科幻|犯罪,1971,8.181,13467,斯坦利·库布里克,137,一个主要兴趣是强奸、极度暴力和贝多芬的青年的冒险,非常joy|非常tension,tension|joy,5,130
77,记忆碎片,Memento,被警方驳回后，伦纳德·谢尔比一心只想为惨遭强奸谋杀的妻子复仇。他患有一种罕见的、无法治愈的失忆症，这让他的复仇之路更加艰难。,悬疑|惊悚,2000,8.178,15698,克里斯托弗·诺兰,113,有些记忆在被忘掉了时是最好的,非常tension|非常sadness,sadness|tension,5,131
5156,偷自行车的人,Ladri di biciclette,战后意大利，一名工人阶级男子的自行车被盗，这危及了他找工作的机会。他和儿子踏上了寻找自行车的旅程。,剧情,1948,8.2,2553,维托里奥·德西卡,93,,引人深思|情感强烈|非常sadness,sadness,3,132
629,非常嫌疑犯,The Usual Suspects,美国加州的圣佩雷罗港一艘货轮爆炸，死亡27人，9000万美元失踪。事故发生以后，联邦调查局探员白基奇在医院等待昏迷不醒的幸存者；海关特派员大卫（查兹•帕明特里 饰）则对另外一名拿到特赦令的幸存者金特（凯文•史派西 饰）进行了审问。金特供认，在事故中丧生的基顿（加布里埃尔•伯恩 饰）、法特（本尼西奥•德托罗 饰）、麦曼诺（斯蒂芬•鲍尔文 饰）和杜学尼（凯文•波拉克 饰），以及他本人，六个月前被警察局作为卡车抢劫案的疑犯带到警局过了一夜，五人因此结成了一个犯罪团伙，狼狈为奸……,剧情|犯罪|惊悚,1995,8.173,10984,布莱恩·辛格,96,五个罪犯， 一条线， 没有巧合！,非常anger|非常tension|非常sadness,sadness|anger|tension,5,133
476292,朝花夕誓,さよならの朝に約束の花をかざろう,在世界的尽头，住着一群被称为“离别一族”的古老民族：他们拥有着长寿之血和永生不老的面容。在一场外族入侵的战役中，离别一族惨遭灭族，15岁的玛奇亚虽然侥幸逃生，却彻底和朋友失去了联系。孤身一人的她在残骸中拾到了一个普通人家的遗孤，并决定收养它。然而随着时间的流逝，玛奇亚必须要学会如何做一个母亲，经历人间的生离死别，并在朝代的更迭中守护“离别一族”最后的信仰…,动画|奇幻|剧情|冒险,2018,8.166,680,冈田麿里,115,爱上他人，便是孤独的开始,非常anger|非常joy,joy|anger,0,134
348,异形,Alien,未来的世界，人类已能轻松穿梭于星际之间，在太空中展开商业活动。“诺斯特罗莫”是在太空活动的众多星际商业运输船之一。一次，它完成任务满载太空矿石返航地球时，突然收到了一组奇怪的信号，由于这可能是求救信号，飞船接到指令前往信号源地进行搜救。经过一段飞行后，飞船终于抵达信号源发出的地方。船员们发现此处果然有一艘坠毁的飞船，只是，经过一番搜索，他们发现该船的船员们都早已死亡，化为化石。此时，留在“诺斯特罗莫”号的第三指挥官蕾普莉已经破译出该信号并不是求救信号，而是警告信号！队员的生死搏斗开始了！,恐怖|科幻,1979,8.167,15777,雷德利·斯科特,117,在遥远的太空 无人能听到你的尖叫,非常hope|非常fear|紧张刺激,fear|hope,5,135
537061,宇宙小子大电影,Steven Universe: The Movie,讲述史蒂文以为他保护地球的日子结束了，但新的反派来到沙滩市，史蒂文平静美丽的日子也完了，他遇到了人生中最大的挑战。,电视电影|冒险|动画|奇幻|音乐|科幻,2019,8.2,834,瑞贝卡·舒格,90,,非常peace|心灵平静,peace,1,136
490,第七封印,Det sjunde inseglet,在黑死病肆虐期间，一名男子与死神对弈，通过下棋来探寻关于生命、死亡和上帝存在的答案。,奇幻|剧情,1957,8.2,3215,英格玛·伯格曼,96,关于死亡挑战的故事。,引人深思|情感强烈|非常sadness,sadness,3,137
361743,Top Gun: Maverick,Top Gun: Maverick,壮志凌云2：独行侠 作为海军顶尖飞行员服役30多年后，皮特·米切尔（代号：“独行侠”）（汤姆·克鲁斯 饰演）决定打破体制的限制，成为一名试飞员接受更大的挑战。当他接到命令，为一项高难度特殊任务训练一群“高空利剑”项目的毕业生时，他遇到了已故的好友兼雷达截获官，代号“笨鹅”的尼克·布拉德肖中尉之子布莱德利·布拉德肖中尉（代号：“公鸡”）。  面对不确定的未来和难以释怀的心魔，独行侠必须战胜内心深处的恐惧。因此，他参与了一项需要巨大牺牲才能完成的任务,动作|剧情,2022,8.163,10371,约瑟夫·科辛斯基,131,壮志凌云2：独行侠,非常fear|紧张刺激,fear,5,138
26451,对一个不容怀疑的公民的调查,Indagine su un cittadino al di sopra di ogni sospetto,一个道貌岸然、威风凛凛的警官因为嫉妒和侮辱而杀死了情妇，并若无其事地调查此案，后来因心虚毁灭证据。由于他人性尚未彻底泯灭，在强有力的证人面前承认了罪行。但所有同事和长官为了自身的利益而阻止他认罪，并“循循善诱”。在众人的启发和教育下，他终于承认了自己的“清白无辜”，证明了自己是“不受怀疑的公民”。这是意大利70年代著名的政治电影，对法西斯式的政治作风和警察局内部的罪恶腐败进行了猛烈抨击，手法辛辣而不失沉稳，情节也起伏跌宕，男主角的表现更令人难忘。本片获1970年戛纳国际电影节评审团特别奖和奥斯卡最佳外语片奖。,剧情|惊悚,1970,8.2,845,Elio Petri,111,,非常tension|非常sadness,sadness|tension,0,139
20941,无知的声音,Voces inocentes,"20世纪80年代伊始，位于中美洲北部的小国萨尔瓦多爆发长达12年的内战。政府军和游击队连年激战，人民流离失所，国家破败不堪。11岁的男孩恰瓦（Carlos Padilla 饰）和母亲、姊妹生活在一起，他的父亲背井离乡，杳无音信。家中的生活困苦不堪，死亡也随时威胁着他们。本该在学堂求学的恰瓦，却被迫成为了一名端着冲锋枪的娃娃兵。从此，死神成为这群懵懂孩童最亲密最恐怖的同行者…… 　　本片荣获2005年墨西哥金像奖最佳化妆、最佳特效和最佳女配角（Ofelia Medina）三项大奖；2005年柏林国际电影节水晶熊奖、2005年圣地亚哥影评人协会最佳外语片奖；2005年西雅图国际电影节最佳影片奖。",剧情|战争,2005,8.2,508,Luis Mandoki,120,,非常fear|紧张刺激,fear,0,140
18148,东京物语,東京物語,一对老夫妇到城里探望他们的子女和孙辈，但却没受到多少关注。影片以一种极具日本特色的方式，重现了导演钟爱的主题之一——代际冲突，其普世价值使其至今仍被奉为影史杰作。,剧情,1953,8.2,1160,小津安二郎,136,,非常hope|非常joy|心灵平静|非常peace,joy|hope|peace,2,141
1422,无间道风云,The Departed,波士顿南部的马萨诸塞州黑社会势力极为猖獗，其中最大的团伙要数弗兰克（杰克•尼科尔森 Jack Nicholson 饰）执掌的爱尔兰黑帮。警方为了剿灭他们，决定派警校毕业生比利（莱昂纳多•迪卡普里奥 Leonardo DiCaprio 饰）潜伏其中做卧底。警官的冷嘲热讽，让曾有过底层生活的比利甚为不爽，他曾希望做堂堂正正的警察，但是在强压之下也只得服从命令，在经过烧杀抢掠的洗礼后，他赢得了弗兰克的信任。与此同时，同是毕业生的科林（马特•达蒙 Matt Damon饰）因为缉私有功，获得了上级的嘉奖，并且正在跟心仪女友筹备婚事。而实际上，他是弗兰克安插到警队的一枚棋子，两人勾结牟取私利。警匪先后发现存在内鬼，一场猫鼠博弈由此展开……本片获得第79届奥斯卡金像奖最佳影片、马丁•斯科塞斯摘得最佳导演奖。,剧情|惊悚|犯罪,2006,8.159,15687,马丁·斯科塞斯,151,,非常tension|非常fear|紧张刺激,fear|tension,3,142
81481,熔炉,도가니,"本片取材于2005年光州一所聋哑障碍人学校的真实事件，改编自韩国作家孔枝泳的同名小说。 来自首尔的哑语美术老师仁浩（孔宥 饰）来到雾津，应聘慈爱聋哑人学校。天降大雾，他意外撞车，维修时邂逅了人权组织成员柔珍（郑有美 饰）。仁浩妻子早亡，8岁女儿天生哮喘由祖母照看，所以他不辞辛苦谋职养家。然而，双胞胎的校长与教导主任竟逼仁浩索贿5千万韩元。同时，仁浩逐渐发现学校笼罩着一种紧张压抑的气氛，令人窒息。有三个孩子引人关注：聪颖的金妍斗（金贤秀 饰）、贪吃的陈宥利（郑仁絮 饰）和弟弟自杀身亡的全民秀（白承焕 饰），民秀总是满脸淤青。下课后，仁浩还听到女厕所中有呼喊与哭泣，在门卫的阻拦下他未深究。之后。他意外目睹了校长行贿警察，教导员毒打民秀，宿导溺罚妍斗的行径。一个惊天的隐秘被慢慢揭开，真相令韩国震惊……",剧情,2011,8.158,725,黄东赫,123,,值得推荐|非常joy|情感丰富,joy,0,143
111,疤面煞星,Scarface,古巴难民青年托尼（阿尔•帕西诺 Al Pacino 饰）逃难来到了美国的迈阿密，成了一个典型的天不怕、地不怕的美国街头小混混。托尼在当地的一个毒枭手下干活，因其心狠手辣、胆大心细，十分出色地帮老大完成了几件任务而迅速受到赏识，成为毒枭的第一得力助手。然而托尼并没有就此满足，他先是从委内瑞拉的毒枭那里接下了大单子，接着将自己的眼中钉一颗颗除去，势力不断扩大。当他的老大感受到威胁时已经太晚了，托尼将老大干掉然后一统了迈阿密毒品市场的天下。托尼得势后他的性格开始变得疑神疑鬼，对周围的人甚至至亲的家人、好兄弟都充满怀疑。疑心使他逐渐走上了不归路！,动作|犯罪|剧情,1983,8.158,12583,布莱恩·德·帕尔玛,170,世界是你的...,温暖治愈|非常joy|非常love|非常tension,joy|tension|love,4,144
489,心灵捕手,Good Will Hunting,麻省理工学院的数学教授蓝波在席上公布了一道困难的数学题，却被年轻的清洁工威尔（马特·戴蒙 饰）解了出来。可是威尔却是个问题少年，成天和好朋友查克（本·阿弗莱特 饰）等人四处闲逛，打架滋事。当蓝波找到这个天才的时候，他正因为打架袭警被法庭宣判送进看守所。蓝波向法官求情保释，才使他免于牢狱之灾。蓝波为了让威尔找到自己的人生目标，不浪费他的数学天赋，请了很多心理学专家为威尔做辅导，但是威尔十分抗拒，专家们都束手无策。无计可施之下，蓝波求助于他大学的好友，心理学教授尚恩（罗宾·威廉姆斯 饰），希望能够帮助威尔打开心房。经过蓝波和尚恩的不懈努力，威尔渐渐敞开心胸，而好友查克的一席话，更是让他豁然开朗。,剧情,1997,8.157,13282,格斯·范桑特,126,第70届奥斯卡金像奖 最佳原创剧本,非常fear|紧张刺激,fear,5,145
426,迷魂记,Vertigo,讲述了一位恐高症侦探从海湾救起一位神秘金发女郎后，引发了一系列错综复杂的误会、激情和谋杀事件。[环球影业],悬疑|爱情|惊悚,1958,8.155,6108,阿尔弗雷德·希区柯克,128,,非常love|非常fear|紧张刺激,fear|love,5,146
399106,鹬,Piper,皮克斯2016动画长片《海底总动员2》的前贴片，讲述了一只饥饿的小矶鹬，努力克服恐水症，到海浪肆虐的沙滩上觅食的故事。原来成长就是要抛去曾经的视角，才能看到最美的未来,家庭|动画,2016,8.15,1690,Alan Barillaro,6,,非常tension|非常fear|紧张刺激,tension|fear,1,147
37165,楚门的世界,The Truman Show,二十九年前，奥姆尼卡姆公司收养了一个男婴，让他成为史上最受欢迎的电视节目的主角。他的名字叫楚门·伯班克。[派拉蒙影业],喜剧|剧情,1998,8.149,19511,彼得·威尔,103,如果再也不能见到你，祝你早安午安晚安。,非常joy|非常sadness,joy|sadness,5,148
289,卡萨布兰卡,Casablanca,1941年，摩洛哥卡萨布兰卡的一位赌场老板收留了他的前情人及其丈夫（一位捷克斯洛伐克自由战士），使他们免遭纳粹迫害。,剧情|爱情,1943,8.1,5806,迈克尔·柯蒂斯,103,他们在卡萨布兰卡和命运有个约会,值得推荐|非常love|情感丰富,love,4,149
851644,20世纪少女,20세기 소녀,1999年，一名少女为了大犯花痴的好友而密切关注学校里的一个男生，结果却展开了自己的爱情故事。,爱情|剧情,2022,8.148,775,方宥力,119,,非常love|非常sadness,love|sadness,1,150
10098,寻子遇仙记,The Kid,"影片讲述玻璃匠夏尔洛和弃婴之间一段笑中有泪的感人故事。夏尔洛在垃圾箱旁发现了一个弃婴并收养了他。等到孩子长到四五岁的时候，就已经非常懂事。两父子合演双簧，儿子打碎玻璃，父亲就上 前更换玻璃从而养家糊口。夏尔洛带着“儿子”躲避警察的追捕，以免他被送入孤儿院。可孩子的母亲后来有了钱，悬赏找回孩子。有人为钱把孩子从夏尔洛身边偷走，他四处追查也没有找到。疲惫的夏尔洛在梦中来到了天堂。一觉醒来的他，居然发现“儿子”跟他的母亲就站在自己的眼前…… 本片在1978年巴西《标题》杂志评选的100部最佳影片中名列67。",喜剧|剧情,1921,8.1,2267,查理·卓别林,68,,非常hope|非常loneliness,hope|loneliness,3,151
592350,我的英雄学院：英雄崛起,僕のヒーローアカデミア THE MOVIE ヒーローズ：ライジング,新剧场版由原著作者堀越耕平担任总监修/角色原案，将展开原创故事。堀越耕平表示该剧场版在某种意义上是原作的最终回。,动画|动作|奇幻|冒险,2019,8.1,1236,长崎健司,104,,非常joy|非常tension,joy|tension,0,152
517814,何以为家,کفرناحوم,法庭上，十二岁的男孩赞恩向法官状告他的亲生父母，原因是，他们给了他生命。是什么样的经历让一个孩子做出如此不可思议的举动？故事中，赞恩的父母在无力抚养和教育的状况下依然不停生育，作为家中的长子赞恩，弱小的肩膀承担了无数生活的重压。当妹妹被强行卖给商贩为妻时，赞恩愤怒离家，之后遇到一对没有合法身份的母子，相互扶持勉强生活。然而生活并没有眷顾赞恩，重重磨难迫使他做出了令人震惊的举动……,剧情,2018,8.144,1878,娜丁·拉巴基,126,我要控告我的父母 因为他们生下了我,非常anger|值得一看|情感真挚,anger,2,153
606856,多哥,Togo,　　聚焦1925年雪橇手和雪橇犬齐心协力为拯救阿拉斯加州诺姆市孩子的性命而奔波于血清接力路上的事件，被称为“Great Race of Mercy”。本片将登陆迪士尼自家流媒体，2019年推出。  1924年年底，诺姆市一个2岁小孩生病，医生诊断其患有扁桃体炎，这种疾病通常不会有生命危险，然而这个小孩成为例外，接下来很多孩子都被诊断患上了扁桃体炎，有几个不幸离世，医生最终确认这种病症是白喉。当时有一种疫苗能够用来对付白喉，然后诺姆市的疫苗全部过期，新疫苗在港口关闭前却未能送达，来年6月波罗的海才会解冻，也没有公路直通诺姆市、没有飞机，唯一运输货物的通道是邮路，然而冬天只有雪橇犬能够通行。卫生局决定使用两组雪橇犬接力运输，20个雪橇手和150只雪橇犬必须日夜兼程，经过河流，跨过平原，穿过森林，穿越冰冻的阿拉斯加邮路。最近的疫苗所在地为南纳，距离诺姆市1085公里，一般情况下狗拉雪橇需要费时25日，而他们只花了5天半就成功完成接力，拯救了多名孩子的性命。  本片主角Togo是挪威赶雪橇高手Leonhard Seppala(达福饰)使用的其中一只领头犬，因机智、卓越的领导力和敏锐的直觉备受称赞。Seppala被委任传送这场接力中最危险的一段，从诺姆到奴拉托接收那批免疫血清，在零下30度、七级以上强风的环境下成功完成了任务。之后南极探险家Roald Amundsen为Togo颁发了一枚金牌。  比约恩饰演一名接力人员，在途中背叛了Seppala。,冒险|家庭,2019,8.142,2152,埃里克森·科里,113,不为人知的真实故事,值得推荐|非常joy|情感丰富,joy,1,154
872,雨中曲,Singin' in the Rain,一家无声电影制作公司和演员们艰难地向有声电影转型。,喜剧|爱情,1952,8.1,3356,斯坦利·多南,103,,非常joy|非常love|温暖治愈,joy|love,4,155
797,假面,Persona,　　舞台剧女演员伊丽莎白（丽芙·乌曼 Liv Ullmann 饰）在一次演出中忘了台词，之后长达数月她拒绝说话，被送进精神病医院。照顾她的护士阿尔玛（毕比·安德森 Bibi Andersson 饰）被医生责怪没有尽职，医院安排她带伊丽莎白在一所海滨别墅疗养治病。两人到达别墅后，伊丽莎白有所好转，但还是拒绝说话和给予回应。阿尔玛经常对她说话试图打破沉默，但仍旧得不到任何回应，最后不得不倾诉起她与未婚夫之间的情感问题。阿尔玛偷看了伊丽莎白写给医生的信，发现她在信里谈论自己，于是愤怒地叱责伊丽莎白。面对彻底沉默的伊丽莎白，阿尔玛在狂怒中几乎将她杀死。受惊的伊丽莎白惊恐地呼喊出“不！”，这让阿尔玛以为自己治好了她的病。可是伊丽莎白再次拒绝发出声音，她让阿尔玛成为自己的替身，与自己的丈夫做爱，照顾自己的孩子。阿尔玛在与伊丽莎白的过程中渐渐失去了自我的身份，悄然变成伊丽莎白的另一半。,剧情,1966,8.1,2331,英格玛·伯格曼,85,,非常hope|值得一看|情感真挚,hope,1,156
458220,Palmer,Palmer,在坐牢12年后，前高中橄榄球明星埃迪·帕尔默回到了家乡，开始全新的生活。他和来自一个麻烦家庭的弃儿山姆建立了一种意想不到的联系，但埃迪的过去威胁到他的新生活和家庭。,剧情,2021,8.1,1829,费舍尔·史蒂文斯,110,,非常fear|紧张刺激,fear,2,157
666,中央车站,Central do Brasil,里约热内卢的中央车站，朵拉在这里帮人写信。但她会把看不顺眼的信统统撕掉不寄，甚至公开读信里的内容取乐。朵拉生活拮据，年纪不小却还未嫁，或许在她内心，人与人之间的真情根本就不值得信赖。 小男孩约书亚的出现令她开始了一段重新认识人生的旅程——约书亚很想见到远方素未谋面的父亲，不断写信给他。男孩母亲意外的车祸让朵拉决定陪伴约书亚前往东北部寻找父亲。在约书亚眼中，即使父亲很陌生，却总是骄傲地谈起父亲。而朵拉，也同样有着一段和父亲的痛苦往事。在约书亚寻父的过程中，朵拉因为往事而冰冻的内心慢慢回暖。,剧情,1998,8.137,1002,沃尔特·塞勒斯,110,,值得一看|非常loneliness|情感真挚,loneliness,1,158
280,终结者2：审判日,Terminator 2: Judgment Day,"上一部中，超级电脑“天网”阻止人类抵抗领袖约翰·康纳诞生的行动失败，时隔13年后，在“审判日”到来之前，“天网”派出了更加先进的生化机器人T-1000（罗伯特·帕特里克 饰）从公元2029年回到洛杉矶追杀已经长大的约翰，与此同时，约翰也派出了机器人T-800（阿诺· 施瓦辛格 饰）回去保护年幼的自己。 此时，萨拉·康纳（琳达·汉密尔顿 饰）因为怪异的言行而住进了精神疗养院，约翰则和养父母住在一起，行为叛逆。T-800找到他们，在逃避T-1000追杀过程中，获得了二人的信任。 为了改变未来的历史，挽救人类的命运，萨拉、约翰和T-800 Model 101找到了“天网”之父，迈尔斯·戴森（乔·莫顿 饰），说服他销毁一切有关“天网”的资料，此时，警察和T-1000同时赶来，他们陷入了多方争斗中。",动作|惊悚|科幻,1991,8.135,13724,詹姆斯·卡梅隆,137,这绝非针对个人,值得推荐|非常love|情感丰富,love,5,159
693134,沙丘2,Dune: Part Two,《沙丘2》承接第一部剧情，讲述保罗·厄崔迪（提莫西·查拉梅 Timothée Chalamet 饰）被帕迪沙皇帝和哈克南人联手灭族后，在厄拉科斯星球遇到弗雷曼女战士契妮（赞达亚 Zendaya 饰）以及加入弗雷曼人后展开的传奇旅程。保罗与让他家破人亡的阴谋家们开战，同时面临着一生所爱与已知宇宙命运的两难选择。,科幻|冒险,2024,8.133,7240,丹尼斯·维伦纽瓦,166,,非常anger|非常love,love|anger,5,160
20914,我的朋友们,Amici miei,内基（酒吧老板）、佩罗齐（记者）、梅兰德里（建筑师）和马斯切蒂（一个破碎的贵族）住在佛罗伦萨。他们从最年轻的时候就成了朋友，每一个空闲的时候，他们都会一起组织复杂而可怕的笑话，或者只是在托斯卡纳游荡。其中一次疯狂的旅行最终会在像萨萨洛里教授这样的军方管理的医院里结束。梅兰德里爱上了他的妻子，从丈夫那里抢走了她，这让萨萨洛里自己很高兴。这段关系不会持续下去，但教授成了朋友团队中的第五个成员，笑话变得更加复杂和有力……,喜剧,1975,8.132,726,Mario Monicelli,140,,值得推荐|非常joy|情感丰富,joy,0,161
9702,黑帮悍将,Bound by Honor,影片以诗人吉米·圣地亚哥·巴卡的真实生活经历为基础，重点讲述了帕科和克鲁兹的同父异母兄弟，以及他们的两个种族表兄米科。影片于1972年开拍，因为这三人是洛杉矶东部一个叫“瓦托斯机车”的团伙的成员，故事的重点是暴力犯罪和毒品的影响如何改变他们的生活。,犯罪|动作|剧情|惊悚,1993,8.132,1463,泰勒·哈克福德,180,,非常anger|值得一看|情感真挚,anger,1,162
103,出租车司机,Taxi Driver,特拉维斯从越战中退伍回来后一直在纽约以开出租车为生。战争后的他多少有些失落，加上开出租车目睹了纽约夜幕下的种种罪恶，另他变得愤世嫉俗、痛恨社会。在追求总统候选人帕兰坦竞选办公室的秘书贝西失败后，特拉维斯决定去刺杀帕兰坦以证明自己。在准备刺杀行动的过程中，特拉维斯遇上了被逼卖淫的雏妓艾瑞斯。在企图救艾瑞斯出火坑未果后，特拉维斯手持武器闯进淫窝，将里面的一干人等通通干掉了！本以为即将收到法律的惩罚，然而媒体却将特拉维斯描述成了一个拯救少女的英雄……,犯罪|剧情,1976,8.132,13000,马丁·斯科塞斯,113,“你在跟我说话吗？”,非常anger|非常sadness,anger|sadness,4,163
575813,少年的你,少年的你,一场高考前夕的校园意外，改变了两个少年的命运。陈念 性格内向，是学校里的优等生，努力复习、考上好大学是高三的她唯一的念头。同班同学的意外坠楼牵扯出一连串不为人知的故事，陈念也被一点点卷入其中…在她最孤独的时刻，一个叫小北 的少年闯入了她的世界…大多数人的18岁都是明媚、快乐的，而他们却在18岁这个夏天提前尝到了成人世界的漠然。一场秘而不宣的“战斗”正在上演，他们将一起守护少年的尊严  。,剧情|犯罪|爱情,2019,8.1,517,曾国祥,138,你保护世界，我保护你,引人深思|非常tension|情感强烈,tension,1,164
475557,小丑,Joker,亚瑟·弗兰克是一个依靠扮演小丑赚取营生的普通人，患有精神疾病的他和母亲一同住在哥谭市的一座公寓里，幻想成为脱口秀演员的亚瑟为了这个目标而努力的生活着，但是现实却屡次击败他的梦想，亚瑟渐渐地变得越来越癫狂，某天在地铁上，亚瑟为了自保杀害了几名嘲笑他的人，同时，一个疯狂的想法在亚瑟心灵萌发……  在看似和平的哥谭市，即将发生翻天覆地的巨变。,犯罪|惊悚|剧情,2019,8.131,27021,托德·菲利普斯,122,摆出一张笑脸吧,非常hope|非常joy|非常tension,joy|hope|tension,5,165
812225,剧场版 黑色四叶草 魔法帝之剑,映画 ブラッククローバー 魔法帝の剣,这部电影将由原著漫画作者田畠裕基担任监制，讲述原作中并未透露的魔法帝的故事。在一个魔法主宰万物的世界里，生来就没有魔法的男孩亚斯塔立志成为“魔法帝”，以克服逆境，证明自己的力量，并遵守与朋友们的约定。,动画|奇幻|动作|冒险,2023,8.128,336,种村绫隆,113,,非常joy|非常tension,joy|tension,2,166
935,奇爱博士,Dr. Strangelove or: How I Learned to Stop Worrying and Love the Bomb,一位精神不稳定的美国将军下令对苏联发动氢弹袭击，引发了一场全球核浩劫，而一个挤满了政客和将军的作战室则拼命试图阻止这场浩劫。,喜剧|战争,1964,8.125,5947,斯坦利·库布里克,95,,非常joy|非常fear|紧张刺激,joy|fear,4,167
600,全金属外壳,Full Metal Jacket,"越战期间，加入海军陆战队的一群年轻人被剃了光头，并分配寝位，负责训练他们的上校时常羞辱他们，还给他们取难听的外号，“傻瓜比尔""由于是胖子，动作老是出错，因此成为最经常被上校修理的人。班长“小丑""耐心照顾他。但傻瓜比尔再次的失误，令上校愤怒地惩罚全队，伙伴们终于忍无可忍，将傻瓜比尔痛揍了一顿。之后，傻瓜比尔开始对枪自言自语，他发挥了射击的才华，连上校也赞赏他终于可以成为伟大的“杀人机器""，就在出发前往越战战场的那晚，傻瓜比尔在他的 M14装满“全金属外壳子弹""，一枪打死上校，然后自己也含枪自杀。 　　选择编入新闻组的小丑，被长官派去前线采访，小丑看见年轻的士兵们已经麻木，在越共尸体旁饮酒、一面笑一面在直升机上扫射逃走的村民。他随众巡视，误入未扫荡的地区，大家遭到狙击手埋伏，牺牲了好几位同伴后，他们终于确定狙击手藏身的建筑物，小丑落单时忽然发现狙击手，对方原来是个非常年轻的少女！随他而来的摄影员开枪救了他，少女在地上痛苦的挣扎，一名士兵要大家离开，任那少女在此地腐朽。在少女的“杀了我""的哀求中，小丑终于拿起，扣下扳机……",剧情|战争,1987,8.124,11092,斯坦利·库布里克,117,,引人深思|非常tension|情感强烈,tension,4,168
1103621,姥姥的外孙,หลานม่า,出身泰国华人家庭的无业年轻人阿安（马群耀 饰）看到堂妹因照顾病重的爷爷而继承房产后，也对身患绝症的姥姥（乌萨·萨梅坎姆 饰）动了心思，计划复刻堂妹的“致富之路”获取百万遗产。但面对同样“努力”的舅舅们和挑剔毒舌的姥姥，阿安这条争当全职孝孙的“啃姥致富”之路似乎没有他预想的那么顺利……,剧情,2024,8.123,321,帕特·波尼蒂帕特,127,真金“唤”真情,有些sadness|非常joy,joy|sadness,2,169
823219,猫猫的奇幻漂流,Straume,世界似乎即将毁灭，到处都是人类的遗迹。一只猫的家园被一场大洪水摧毁，它在一艘载满了不同动物的船上找到了避难所。尽管它们之间存在差异，但它必须与它们合作，面临各种未知的挑战。,动画|冒险|奇幻|家庭,2024,8.124,2463,金兹·兹巴洛迪斯,85,只要有猫在，就没什么好怕的！,值得推荐|非常joy|情感丰富,joy,5,170
810693,咒术回战 0 剧场版,劇場版 呪術廻戦 0,乙骨忧太是一个高中生，他正面临着一个严重的问题，青梅竹马理香变成了一个咒灵，不会让他一个人呆着。由于理香不是普通的咒灵，他的困境被咒术高专的老师五条悟注意到了。五条说服忧太入学，但他赶得及吗？,动画|动作|奇幻,2021,8.122,1583,朴性厚,104,,非常anger|值得一看|情感真挚,anger,1,171
422,八部半,8½,一位疲惫不堪的电影导演沉浸在回忆和幻想中。,剧情,1963,8.1,2443,费德里科·费里尼,138,,非常love|非常sadness,sadness|love,3,172
795607,白蛇2：青蛇劫起,白蛇2：青蛇劫起,南宋末年，小白为救许仙水漫金山，终被法海压在雷峰塔下。小青则意外被法海打入诡异的修罗城幻境。几次危机中小青被神秘蒙面少年所救，小青带着出去救出小白的执念历经劫难与成长，同蒙面少年一起寻找离开的办法。,动画|奇幻|动作|冒险,2021,8.118,344,黄家康,131,,非常joy|非常tension,joy|tension,0,173
610892,紫罗兰永恒花园外传：永远与自动手记人偶,ヴァイオレット・エヴァーガーデン 外伝 - 永遠と自動手記人形 -,作为“战争机器”长大的女主人公薇尔莉特·伊芙加登，在战争中失去双臂，并与收养她的少佐分离，在装上义肢后，成为邮政公司一名从事代写书信工作的 “自动手记人偶”。在车马缓慢、只能以信件传递感情的年代里，“自动手记人偶”通过与委托人接触交流，代写书信，以优美准确的文字传递着人们最为真挚的感情。外传的故事中，薇尔莉特·伊芙加登接到了一桩特殊的委托工作……,剧情|奇幻|动画,2019,8.107,424,藤田春香,91,我生活一片荒芜，唯一的珍宝，或许只有...,非常joy|非常sadness,sadness|joy,0,174
500,落水狗,Reservoir Dogs,故事发生在南加州某地，黑帮老大乔·卡伯特和他的儿子“好家伙”艾迪召集了六名强盗，准备到珠宝店抢劫一批天然钻石。这六个人彼此各不相识，甚至连对方的姓名都无从得知。乔为了保持机密，以颜色作为代号分别给六人起名为白先生、橙先生、金先生、粉先生、棕先生和蓝先生，并规定他们之间不能透露任何私事。 抢劫时，六个人中了警察的埋伏，蓝先生和棕先生当场死亡。白先生带着受伤的橙先生回到预定的聚集地——一个仓库里。一路上，白先生对橙先生十分关爱，甚至告诉了他自己的名字。一会儿，粉先生也来到这里，他把到手的钻石已妥善存好，只等乔来时，大家平分。白先生和粉先生回想案发时的情景，得出结论，六人中必定有卧底的警察。在抢劫时举止疯狂的金先生活捉了一个警察回来。从警察口中，他们也没得到那个卧底的情报。不久，“好家伙”艾迪也来了，他同白先生和粉先生一起去取钻石。而金先生则开始虐待那个警察。在准备烧死警察的时候，金先生突然被躺在地上的橙先生开枪打死。原来橙先生就是卧底的警探。众人回到仓库，乔和“好家伙”艾迪认清橙先生是卧底，而白先生依然极力维护橙先生。最后，由于争执不下，一场血腥的枪战发生了......,犯罪|惊悚,1992,8.118,14975,昆汀·塔伦蒂诺,99,,非常anger|非常tension,anger|tension,4,175
38288,"“I Corti” di Aldo, Giovanni e Giacomo","“I Corti” di Aldo, Giovanni e Giacomo",,喜剧,1996,8.1,355,Arturo Brachetti,130,,值得推荐|非常joy|情感丰富,joy,0,176
406997,奇迹男孩,Wonder,10 岁的奥古斯特天生脸部畸形，此前一直在家中和妈妈自学。这是他第一天上公共学校，他不寻常的外表让他成为同学讨论的焦点。终日受到嘲笑和排斥的奥古斯特尽自己最大的努力在这残忍的环境中生存，就连好不容易交到的新朋友也似乎不太值得信任。当班上的恶霸 Julian 将他锁定为霸凌目标后，奥古斯特萌生了退学的念头。但就在此时，一个善良又美丽的女同学与他交好，帮助他走出困难。前路漫漫，奥古斯特必须向周遭的人证明，与他善良、聪敏、勇敢的心灵相比，外表一点也不重要。,家庭|剧情,2017,8.112,8103,斯蒂芬·乔博斯基,113,,非常peace|心灵平静,peace,0,177
3780,红胡子,赤ひげ,"刚毕业的医学院学生保本（加山雄三 Yuzo Kayama 饰），在父亲的介绍下，来到穷乡僻壤的小石川诊所实习。他的老师是一位被称作红胡子（三船敏郎 Toshiro Mifune 饰）的古怪医师。起初，向往长崎的保本对这个贫民窟厌恶之极，并迁怒于红胡子，觉得自己受骗上当，无用武之地。 红胡子是这里远近闻名的杏林高手，他没有对保本提什么要求，而是默默地行医，不畏权贵，不计酬劳，手下治愈的病人不计其数，其中包括因受虐精神失常的少妇（香川京子 Kyôko Kagawa 饰），因酗酒导致半身麻木的醉汉，因被贩卖至青楼身患性病的雏妓等等。在协助红胡子救死扶伤的过程中，保本逐渐发现了医德的重要，并修正了自己的人生态度……",剧情,1965,8.115,388,黑泽明,185,,值得推荐|非常joy|情感丰富,joy,0,178
1398,潜行者,Сталкер,潜行者以宁静的影像，高度的隐喻，令人难忘地探讨了灵魂的本质。塔可夫斯基运用色彩转换描绘了潜意识和外部世界。而在主题上，正如在飞向天空里一样，这种转换象做梦机器一样地分离了物理现实和潜意识。请注意，无论潜行者怎样警告说不要两次走同一条路径，科学家还是原路返回，并毫发无伤地找回了背包，并表现出对潜行者的准则的怀疑。从象征意义上分析，仿佛是潜意识有意拒绝它诚挚的愿望，自己制造障碍，阻止愿望的实现。经过迂回的行程后，他们到达了The Room的接待室，却犹豫不前，无法确认最深层的意愿，即他们的精神渴念。地板上撒满了硬币，注射器针头，武器以及宗教圣像，这都是心灵寻求逃脱痛苦的反映。最后，The Room真实或臆想的能力原来对这些疲倦不堪、矛盾重重的寻求者是无意义的。一切仅仅是在路上。,科幻|剧情,1979,8.112,2386,安德烈·塔可夫斯基,163,,非常hope|值得一看|情感真挚,hope,3,179
531428,燃烧女子的肖像,Portrait de la jeune fille en feu,法国，1760 年。玛丽安娜受委托为刚离开修道院的年轻女子艾洛伊丝绘制结婚肖像。由于艾洛伊丝并不情愿结婚，玛丽安娜便以陪伴者的身份接近她，白天观察她，晚上则在篝火旁偷偷为她画像。随着两人彼此靠近，亲密和爱慕之情与日俱增，她们共同见证了艾洛伊丝初获自由的时光。艾洛伊丝的肖像很快便成为她们共同创作的爱情见证。,剧情|爱情|历史,2019,8.1,2807,瑟琳·席安玛,120,,心灵平静|非常joy|非常peace|温暖治愈|非常love,joy|peace|love,5,180
508442,心灵奇旅,Soul,热爱爵士乐的中学音乐教师乔伊·高纳（杰米·福克斯 配）不懈地追逐梦想，最终获得梦寐以求的登台演奏机会。可因为一次意外事故，乔伊的肉体几近死亡，而灵魂却误入了一个人类经验之外的奇幻之境——“生之来处”。原来，“生之来处”是所有灵魂先于地球之前而存在的独特空间。在这里，人类的自我意识在生命诞生之前先在地被赋予，每个灵魂只有觅得自身的“火花”，才能投身于地球。也是在这里，决心重返地球的乔伊遇见了一个孤僻、早熟而厌世的灵魂“22”（蒂娜·菲 配），后者由于迟迟未能找寻到自身的“火花”，而长时间游荡停留于此。一次阴差阳错的经历，乔伊和“22”的命运互相牵连，两人重返地球，共同体验了一段诡谲而奇妙的生命旅程，并开始重构自身存在的价值与意义…,动画|家庭|喜剧|奇幻|剧情,2020,8.104,11037,皮特·多克特,101,如果有个地方能改变命运，你是否愿意一键重启人生？,非常hope|值得一看|情感真挚,hope,5,181
10681,机器人总动员,WALL·E,公元 2700 年，人类文明高度发展，却因污染和生活垃圾大量增加使得地球不再适于人类居住。地球人被迫乘坐飞船离开故乡，进行一次漫长无边的宇宙之旅。临行前他们委托 Buynlarge 的公司对地球垃圾进行清理，该公司开发了名为 WALL·E（地球废品分装员的缩写）的机器人担当此重任。 这些机器人按照程序日复一日、年复一年辛勤工作，但随着时间的流逝和恶劣环境的侵蚀，WALL·E 们接连损坏、停止运动。最后只有一个仍在进行这项似乎永无止境的工作。经历了漫长的岁月，它开始拥有了自己的意识。它喜欢将收集来的宝贝小心翼翼藏起，喜欢收工后看看几百年前的歌舞片，此外还有一只蟑螂朋友作伴。直到有一天，一艘来自宇宙的飞船打破了它一成不变的生活…,动画|家庭|科幻,2008,8.104,19683,安德鲁·斯坦顿,98,一个超越“平凡”的冒险,值得一看|非常loneliness|情感真挚,loneliness,5,182
100,两杆大烟枪,"Lock, Stock and Two Smoking Barrels",　　艾迪（尼克·莫伦）思维敏捷，是个玩牌高手。在三个好友的支持下，艾迪携巨资参加了黑社会的高额赌局，不想落入圈套，欠下50万的赌债。为了还清赌债，艾迪和朋友们绞尽脑汁，最终算计到一群毒贩身上，并为打劫购买了两杆老式烟枪。不想这群不安分的毒贩，正惦念着他们毒品供应商的钱，并在同一天实施了打劫。在毒贩们费劲周折，把毒品供应商熨的整整齐齐的钱款拿到手后，艾迪他们幸运的坐享其成。可是他们不知道，这看似简单的抢劫案背后，更有厉害的角色参与其中。他们手里的两杆破烟枪也隐藏着不少故事。在无知与莽撞中置身漩涡的他们能侥幸脱身么？笑料迭出的偶发事件里，穿插着小人物与大人物的辛酸幽默。,喜剧|犯罪,1998,8.104,6946,盖·里奇,105,到处都是罪犯的耻辱。,非常anger|值得一看|情感真挚,anger,4,183
791373,扎克·施奈德版正义联盟,Zack Snyder's Justice League,为了确保超人没有白白牺牲，蝙蝠侠和神奇女侠计划招募一支超人类团队来保护世界。这项任务比布鲁斯的设想要困难得多，因为每个新人都必须面对并跨越自己过去的心魔，团结起来，最终形成前所未有的联盟，否则就无法阻止从荒原狼、狄萨德和达克赛德毁灭地球。,动作|冒险|奇幻,2021,8.103,10501,扎克·施奈德,242,正义再次集结,非常tension|非常joy,tension|joy,5,184
46738,焦土之城,Incendies,"　　双胞胎姐弟珍妮（梅丽莎·德索蒙斯-波林 Mélissa Désormeaux-Poulin饰）跟西蒙（马克西姆·高德特 Maxim Gaudette饰）收到过世的母亲娜瓦尔（卢布娜·阿扎宝 Lubna Azabal饰）的遗嘱，可当宣读完内容之后，两姐弟却一时难以接受这样的遗嘱：一份是写给他们从未蒙面的父亲；一份是写给她的第三个孩子——他们更是不知道这个哥哥的存在。影片巧妙的游走在两个不同的时空：母亲终其一生苦苦寻觅自己的长子；姐弟遵循母亲的遗嘱前往中东寻找他们的父亲与兄长。可越是穷其究竟，他们面对的越是理不清的头绪跟令人震惊的真相。 　　本片改编自加拿大著名法语作家瓦基迪·穆阿瓦德的同名剧作。导演丹尼斯·维伦纽瓦荣获第83届奥斯卡金像奖最佳外语片提名。",剧情|战争|悬疑,2010,8.102,3075,丹尼斯·维伦纽瓦,130,搜寻由母亲的意愿而展开,引人深思|非常tension|情感强烈,tension,2,185
996,双重赔偿,Double Indemnity,　　Walter Neff（弗莱德·麦克莫瑞 Fred MacMurray 饰）是一个成功的保险代理人，他在夜里回到办公室，开始在一个录音机上诉说他的故事...... 　　Neff为了取得Dietrichson先生的保险代理权，来到了他的家中，Dietrichson先生不在，Neff遇到了Dietrichson先生的新妻子Phyllis Dietrichson（芭芭拉·斯坦威克 Barbara Stanwyck 饰）。美丽的Phyllis让Neff感到不自然，而她也开始说起她的丈夫的诸多不好之处。在第二次拜访中，Neff终于控制不住自己的欲望，愿意参与Phyllis的杀夫计划。Neff计划在Dietrichson先生坐火车的时候制造他失足摔下的假象，以骗取“双重保险”。一切进行的非常顺利，Dietrichson先生死掉了，Neff和Phyllis两人的爱情和金钱似乎都有了保障。然而，Neff的好友保险调查员Barton Keyes （爱德华·罗宾逊 Edward G. Robinson 饰）却觉得事有蹊跷，开始调查整个事件...... 　　本片改编自James M. Cain于1943年出版的同名小说，由导演比利·怀尔德和侦探小说作家雷蒙德·钱德勒共同编剧，获第17届奥斯卡最佳影片等7项提名。　,犯罪|惊悚,1944,8.103,1933,比利·怀尔德,107,,非常anger|非常love,anger|love,5,186
398818,请以你的名字呼唤我,Call Me by Your Name,故事发生在八十年代的意大利里维埃拉，每年夏天，十七岁的少年埃利奥（提莫西·查拉梅 Timothée Chalamet 饰）都会跟家人在这里。今年，和他们共享假日时光的，还有来自美国的奥利弗（艾米·汉莫 Armie Hammer 饰），高大英俊热情开朗的奥利弗很快就获得了埃利奥一家人的喜爱。随着时间的推移，埃利奥和奥利弗之间渐渐产生了致命的吸引力，但性别和年龄的桎梏让他们迟迟无法跨出那关键的一步，与此同时，单纯善良的少女马奇娅（艾斯特·加莱尔 Esther Garrel 饰）也向埃利奥奉献着自己的感情和身体。最终，汹涌的激情冲破了埃利奥和奥利弗之间的防线，两人开始了一段注定不会有结果的恋情。,爱情|剧情,2017,8.1,12500,卢卡·瓜达尼诺,132,请以你的名字呼唤我 我亦将如此,非常hope|非常love,love|hope,3,187
19,大都会,Metropolis,在一个未来都市中，工人阶级和城市规划者之间存在着巨大的鸿沟。这座城市的缔造者的儿子爱上了一位工人阶级的先知，这位先知预言会有一位救世主到来，调解他们之间的分歧。,剧情|科幻,1927,8.1,2969,弗里德里希·朗,153,,引人深思|非常tension|情感强烈,tension,2,188
146233,囚徒,Prisoners,为了自己孩子的性命你会做到哪一步？凯勒.多佛 面对的是每个父母最恐惧的恶梦。他六岁的女儿安娜和小玩伴祖儿一起失踪了。唯一的线索是早前停在他家附近的一辆休闲车。在调查中，警探洛基 逮捕了这辆车的车主亚历克斯.琼斯，但因为缺乏证据而不得不放了他。 想到自己的孩子身处险境，急疯了的多佛决定靠自己。这位绝望的父亲决定不顾一切找到失踪的小女生们，但在找寻女儿的过程中，他渐渐迷失了自己，从而引出一个问题：寻求正义是不是可以超越法治？,剧情|惊悚|犯罪,2013,8.1,12589,丹尼斯·维伦纽瓦,153,,引人深思|非常tension|情感强烈,tension,5,189
755812,奇迹少女：纽约篇,"Miraculous World : New York, les héros unis",玛莉娜是住在现代法国的巴黎少女，因为一次善举获得神秘老人的认可，得到了能变身为超级英雄瓢虫少女的力量。同样获得变身能力的还有玛莉娜的同班同学艾俊，他是知名设计师之子，因家庭过度保护长期在家自学，第一天上学却阴错阳差使玛莉娜误会其恶作剧。双方在不知道对方真实身份的情况下，以瓢虫少女及黑猫之名义拯救被黑化的巴黎市民，而艾俊对玛莉娜澄清恶作剧一事后，艾俊温文的风度使得玛莉娜开始迷恋他，一见艾俊便手足无措，但是艾俊却喜欢上智勇双全的瓢虫少女，以黑猫的身份几度示爱，都被心有所属的玛莉娜拒绝。两人面临的挑战除了爱情问题，还有在巴黎制造混乱的邪恶反派。,动画|电视电影|奇幻|动作,2020,8.1,1118,托马斯·阿斯特鲁克,61,,值得推荐|非常love|情感丰富,love,0,190
1026227,还有明天,C'è ancora domani,1946年5月的罗马被二战留下的贫困、街头游荡的盟军民兵，以及6月2日至3日的国体公投所激发的变革愿望撕裂。女主角迪莉娅是虐待狂伊万诺的妻子，也是三个孩子的母亲，其中包括十几岁的玛塞拉。在处理家庭事务的间隙，她照顾闷闷不乐的岳父奥托里诺，偶尔还要去城里的一些商店打工。这个女人在这艰难的生活中也有几个盟友：爱她的机械师尼诺；玛丽莎，一位机智乐观的朋友；还有威廉，想要帮助她的非裔美国士兵。迪莉娅的生活被玛塞拉与朱利奥的订婚打乱。朱利奥来自一个富裕的家庭，他们的收入主要源于经营的酒吧。然而迪莉娅很快意识到，若红事确定，她的女儿将走向与她相似的痛苦婚姻。因此，在威廉的帮助下，她设法炸毁了准女婿的酒吧，迫使他们家离开罗马。尽管马塞拉陷入绝望，但迪莉娅知道她做了正确的事。在邮寄给她的第一张选民卡的鼓励下，她决心反击。6月2日，决定国家命运的时刻到来。迪莉娅想要参加，并找借口逃离丈夫，但岳父却突然去世。好在这并未阻碍她作为女性第一次参与投票。可她丢失的选民卡却接二连三被丈夫和绝望中的女儿找到。她必须在其中周旋，确保能为自己、孩子和国家的未来做出正确的选择。,剧情|喜剧|历史,2023,8.097,1455,保拉·科泰莱西,118,,非常joy|非常sadness,sadness|joy,2,191
600354,困在时间里的父亲,The Father,安东尼是一个身患疾病的年迈父亲，他淘气而又高度独立，随着年龄的增长，他拒绝了女儿安妮的一切帮助。然而，在女儿安妮决定和她的伴侣搬去巴黎后，这种帮助变得至关重要。面对不断变化的环境时，安东尼开始怀疑他所爱的人、他自己的思想、甚至他的现实结构。,剧情,2020,8.097,3464,弗洛里安·泽勒,97,,值得推荐|非常joy|情感丰富,joy,5,192
20334,街角的商店,The Shop Around the Corner,礼品店的两名员工彼此看不顺眼，却浑然不知他们正通过匿名笔友的通信坠入爱河。,喜剧|剧情|爱情,1940,8.1,785,恩斯特·刘别谦,99,,非常joy|非常love|温暖治愈,joy|love,2,193
614,野草莓,Smultronstället,一位年迈的教授在经历了冷漠的一生后，被迫面对自己存在的空虚。,剧情,1957,8.096,1746,英格玛·伯格曼,91,,非常hope|值得一看|情感真挚,hope,2,194
103663,狩猎,Jagten,"刚刚和妻子离婚的卢卡斯目前在一家托儿所工作，心地善良个性温和的他很快就受到了同事和孩子们的喜爱，其中，一个名叫卡拉的早熟女孩对卢卡斯尤为的亲近。面对女孩幼稚 而单纯的示好，卢卡斯只能婉转的拒绝，可令他没有想到的是，这一举动将他的生活推向了风口浪尖。 卡拉报复性的谎言让卢卡斯背负起了性侵女童的罪名，一时间，这个好好先生成为了整个小镇排挤和压迫的对象。好友的愤怒，前妻的不信任，爱犬的死亡和陌生人的恶意让卢卡斯几近崩溃，而当小小的卡拉吐露真相之后，恶意却并没有随着卢卡斯的重获清白而划下句点。",剧情,2012,8.094,4533,托马斯·温特伯格,115,,非常anger|非常joy,joy|anger,5,195
24382,圣母街上的大人物,I soliti ignoti,"　　这是《男人的争斗》（Rififi）的搞笑版。两个小偷带领一群小混混进行一个宏伟的偷盗计划。他们打算从一处公寓挖一个地道，进入附近一家商店，结果地道挖进了公寓的另一个房间，这只是一个小差错。反正这群笨贼该犯的错全犯了，而那个要偷的保险箱似乎唾手可得，但他们就是没本事得手。 　　影片有一流的表演，每人都有闪光的机会。1987年推出续集。该片在一定程度上开创了“笨贼漫天飞”的喜剧类型，很多国家的此类影片均受到本片的影响，美国曾推出两部正式重拍版。",喜剧|犯罪,1958,8.1,750,Mario Monicelli,106,,值得推荐|非常joy|情感丰富,joy,0,196
843,花样年华,花樣年華,"1960年代的香港，报馆编辑周慕云与太太搬进一间住户多是上海人的公寓，和某家日资公司的贸易代表陈先生与太太苏丽珍成了邻居。因为发现各自在外工作的配偶背着他们有了婚外情，周慕云和苏丽珍开始见面商讨未来可能发生的事情以及相应对策。 起初两人是君子之交淡如水就事谈事，可是日子一日接一日过去后，在周围一帮上海邻居的闲言碎语中，他们发现配偶的事早空出了他们的脑袋，彼此眼里只剩下了对方，而刻意回避已生出的感情的结果，是更加刻骨的相思。",剧情|爱情,2000,8.093,3083,王家卫,99,,非常sadness|非常joy|温暖治愈|非常tension|非常love,love|joy|sadness,1,197
655,德州巴黎,"Paris, Texas",　　查韦斯（Harry Dean Stanton 饰）迷失在德州荒无人烟的沙漠中，因为身体虚弱而昏迷。医院联系了他的弟弟沃特（Dean Stockwell 饰）来接他。出院的查韦斯一直沉默，直到看见“巴黎，德州”的牌子，才终于开口。回到洛杉矶弟弟家，查韦斯见到了儿子亨特（Hunter Carson 饰演），弟弟弟妹其实是养父养母。但是亨特对突如其来的父亲并不接受。后来，查韦斯用很特别的方式收复了孩子的心。通过交流，查韦斯了解到孩子的生母简（Nastassja Kinski 饰）的下落。于是，父子踏上了一条寻母之路……本片获第37届戛纳电影节最佳影片金棕榈大奖。,剧情,1984,8.1,2086,维姆·文德斯,147,,值得推荐|非常joy|情感丰富,joy,4,198
38,暖暖内含光,Eternal Sunshine of the Spotless Mind,内向沉稳的约尔·巴瑞斯（金·凯瑞 饰）在一次聚会中认识了率真随性的克莱门汀·克罗斯基（凯特·温丝莱特 饰），二人成为情侣。和普通的情侣一样，他们的日子也在甜蜜和争吵中度过。2004年情人节前夕，当约尔精心准备好礼物，为不久前一次争吵找到克莱门汀道歉时，他惊讶地发现，克莱门汀根本都不记得他了。原来冲动的克莱门汀受不了二人交往中争吵的痛苦，到“忘情诊所”，把关于约尔的记忆删除得一干二净。约尔无法原谅克莱门汀的任性，也无法忍受失去她的痛苦，所以他也到了“忘情诊所”，请求医生霍华德博士（汤姆·维尔金森 饰）消除关于克莱门汀的记忆。记忆清除程序开始启动，约尔在自己的记忆中游走，他发现和克莱斯汀一起度过的那些时光，无论是痛苦还是甜蜜，都弥足珍贵，他并不想忘记这个自己深爱的女人。但是，程序一旦启动就无法逆转，约尔只能想尽办法把克莱斯汀藏到记忆最深的地方，那些现实中克莱斯汀本来没有出现过的时间角落，以保存这份爱情……　　,科幻|剧情|爱情,2004,8.092,15833,米歇尔·贡德里,108,我已经忘了过去对你的感觉,有些love|非常sadness|非常joy|非常hope|悲伤但充满希望|温暖治愈,joy|sadness|hope,5,199
664767,真人快打传奇：蝎子的复仇,Mortal Kombat Legends: Scorpion's Revenge,聚焦了异世界和地球之间的千载难逢的比赛，这场比赛将最终决定地球和人类所有的公民的命运。地球保护者雷电必须聚集其领域最伟大的战士，以从邪恶的尚宗手上保卫地球，从而结束所有战斗。,动画|动作|奇幻,2020,8.091,1426,Ethan Spaulding,80,,非常joy|非常tension,joy|tension,3,200
11878,用心棒,用心棒,一个狡猾的浪人来到一个被两个犯罪团伙分裂的小镇，决定利用他们互相残杀来解放小镇。,剧情|惊悚,1961,8.09,1602,黑泽明,110,,非常tension|非常sadness,sadness|tension,3,201
282848,神秘博士：博士之时,Doctor Who: The Time of the Doctor,宇宙中最邪恶的物种都被一条神秘的消息吸引来到一座宁静的星球小镇：圣诞。博士和他的朋友们必须要破解出这条信息，因为博士的命运与整个宇宙的命运都握在其中。,剧情|科幻|电视电影,2013,8.1,302,Jamie Payne,60,,非常peace|心灵平静,peace,0,202
239,热情如火,Some Like It Hot,两名男音乐家目睹了一场黑帮谋杀后，他们伪装成女性，加入了一支全女子乐队逃离了该州，但随后又出现了其他复杂情况。,喜剧|爱情|犯罪,1959,8.09,3715,比利·怀尔德,120,,非常anger|非常joy|非常love|温暖治愈,joy|love|anger,3,203
470044,你给的仇恨,The Hate U Give,　　基于Angela Thomas所著同名小说，聚焦种族问题和警察暴行。  16岁黑人女主角Starr Carter某天晚上去参加派对，遇到了儿时最好的朋友Khalil，派对之后后者载她回家，两人在路上被一个警察拦下，Khalil被迫下车，随后警察朝徒手的Khalil开枪。此事很快成为全国头条，Khalil被描述为“暴徒、毒贩”，而警察似乎并没有多大兴趣展开调查。 一群抗议者走上街头，将Starr居住的街区变为了战区，大家都尝试弄清楚到底发生了什么，而唯一知道真相的只有Starr，她做了很多采访试图还Khalil清白，她说的话将决定警察是进监狱还是被宣告无罪。,犯罪|剧情,2018,8.089,2187,小乔治·蒂尔曼,132,,非常anger|非常sadness,anger|sadness,0,204
149871,辉夜姬物语,かぐや姫の物語,　　住在深山老林里的老爷爷（地井武男 配音）一早进山砍竹子，结果竟在附近的一根发光的竹笋中发现了只有掌心大小的娃娃。没有子女的老爷爷兴奋不已，他双手捧着娃娃回到家中，而小家伙竟然在老奶奶（宫本信子 配音）的手中越变越大。之后的岁月里，舐犊情深的爷爷小心呵护他的公主（朝仓亚纪 配音），小女孩则以惊人的速度生长，她与村里的孩子们周游乡间，结识了诚实可靠的舍丸哥哥（高良健吾 饰），而一首莫名的歌曲却令她潸然泪下。老爷爷在山里先后发现金子和美丽布匹，他决心让公主过上贵族的生活，于是举家搬到了京城的豪宅中。公主超凡脱俗，貌美绝伦，从此“辉耀姬”的名字在京城贵族间广为传颂。然而美丽女孩的笑容渐渐退去，这似乎并不是她所向往的生活……,动画|剧情|奇幻,2013,8.087,1907,高畑勋,137,公主的罪与罚,非常joy|非常sadness,joy|sadness,0,205
406,怒火青春,La Haine,影片以1993年在巴黎18区发生的一起警察暴力的真实事件为背景：一名警察在巡逻期间枪杀了一名17岁的扎伊尔少年Makomé M'Bowolé。而在影片当中，巴黎街头，一群反政府青年。纠纷由其中一人被警察殴打重伤而起，众人怀恨在心。文兹（文森特·卡塞尔 Vincent Cassel饰）弄到一把真枪，决心还以颜色。他们的仇恨与愤怒随处可见，这场与警察之间的大规模冲突，一触即发。混战中，文兹被警察开枪打死，他的同党也颤抖着对准了警察的头，枪声响起……无论是警察还是街头混混，每个人都失去了控制。这青春期里的不安与躁动，就像失控的怒火一般，无人幸免。 导演马修·卡索维茨荣获第48届戛纳电影节(1995)主竞赛单元最佳导演奖。,剧情,1995,8.086,4351,马蒂厄·卡索维茨,98,,非常fear|紧张刺激,fear,3,206
387,从海底出击,Das Boot,　　二次大战期间，德军一艘U型潜艇奉命出击，完成对英国船队的袭击任务，当他们完成任务返航途中，却遭遇上前所未见的危机。《从海底出击》片长超过三个小时，而从开始到结束的每一分钟里，时间几乎都消耗在一艘德国潜艇的封闭空间里面，满脸油污、胡子拉茬的德国海军是影片的主要角色。在它的悠长篇幅之中并不缺乏大起大落的情节起伏，潜在的重重危机随时威胁着舰艇上官兵的生命安全，这个貌似强大而冷冰冰的庞然大物完全不能自保，一切只能听天由命。,剧情|历史|战争,1981,8.085,2383,沃尔夫冈·彼得森,200,,紧张刺激|非常fear|非常sadness,sadness|fear,3,207
663558,新神榜：哪吒重生,新神榜：哪吒重生,三千年前，天下动荡，人神共遇大劫，不想哪吒的一缕魂魄逃脱天罗地网，世世转世投胎，这一世与东海市酷爱机车的热血青年李云祥人神共生。然而龙族对哪吒恩怨并未善罢甘休，有着哪吒元神的李云祥，亦无法逃脱被龙族赶尽杀绝的宿命。东海危在旦夕，李云祥是否能够与哪吒元神并肩作战，成为抵抗龙族的英雄？东海市的子民能否得到拯救？,动画|奇幻|动作,2021,8.1,487,赵霁,116,,非常joy|非常tension,joy|tension,0,208
12445,哈利·波特与死亡圣器（下）,Harry Potter and the Deathly Hallows: Part 2,当又一次和伏地魔的意识连通，哈利断定最后一件魂器藏在霍格沃茨，于是和罗恩、赫敏一同返回阴云密布的学校。在好友们的帮助下，他们成功驱逐了斯内普，然而觉察到哈利目的的伏地魔则率领徒众向霍格沃茨逼近。食死徒、摄魂怪、巨人疯狂涌入这所有着悠久历史的魔法学校，正邪决战旋即爆发，一时间血雨腥风，死伤无数。从斯内普的眼泪中，哈利不仅了解到父辈的故事，也证实了藏缅于他体内的最后的秘密。在此之后，他也和伏地魔迎来了最后的对决……,冒险|奇幻,2011,8.084,21450,大卫·叶茨,130,一切终将结束,值得推荐|非常joy|情感丰富,joy,3,209
411088,看不见的客人,Contratiempo,艾德里安（马里奥·卡萨斯 Mario Casas 饰）经营着一间科技公司，事业蒸蒸日上，家中有美丽贤惠的妻子和活泼可爱的女儿，事业家庭双丰收的他是旁人羡慕的对象。然而，野心勃勃的艾德里安并未珍惜眼前来之不易的生活，一直以来，他和一位名叫劳拉（芭芭拉·蓝妮 Bárbara Lennie 饰）的女摄影师保持着肉体关系。某日幽会过后，两人驱车离开别墅，却在路上发生了车祸，为了掩盖事件的真相，两人决定将在车祸中死去的青年丹尼尔联同他的车一起沉入湖底。之后，劳拉遇见了一位善良的老人，老人将劳拉坏掉的车拉回家中修理，然而，令劳拉没有想到的是，这位老人，竟然就是丹尼尔的父亲。,剧情|悬疑|惊悚,2017,8.083,4807,奥里奥尔·保罗,107,,非常tension|非常love,tension|love,4,210
705,彗星美人,All About Eve,一位年轻貌美的女演员设法融入了一位成名已久但日渐衰老的舞台女演员及其戏剧界朋友的圈子。,剧情,1950,8.1,1626,Joseph L. Mankiewicz,138,,值得推荐|非常joy|情感丰富,joy,4,211
2457,天堂的孩子,Les Enfants du Paradis,讲述了一个女人被四个不同的男人爱慕的故事。导演马塞尔·卡内和编剧雅克·普雷维尔巧妙地融合了戏剧、文学、音乐和设计，重现了十九世纪巴黎动荡不安的世界，那里充斥着小贩和贵族、窃贼和交际花、皮条客和预言家。[Janus Films],剧情|爱情,1945,8.1,438,Marcel Carné,190,,值得推荐|非常love|情感丰富,love,1,212
20532,山椒大夫,山椒大夫,一位理想主义的统治者违抗封建领主的命令，被流放，妻儿被迫自谋生路，最终被残暴的奴隶贩子拆散。在沟口健二精湛的执导下，这部经典的日本故事成为了电影史上最伟大的杰作之一，它以恢弘的气势和感人的笔触，展现了人类在邪恶面前的坚韧不拔。,剧情,1954,8.1,407,沟口健二,124,,值得推荐|非常love|情感丰富,love,1,213
831827,家门之外,Far from the Tree,做家长很难，尤其是一只年幼浣熊有好奇心时，他的家长努力确保大家的安全。在华特迪士尼动画制作室的短片《家门之外》中，这只年轻的浣熊学会以开放的心态生活，即使潜伏着危险。,动画|家庭,2021,8.1,383,Natalie Nourigat,7,,值得推荐|非常joy|情感丰富,joy,0,214
55823,大战争,La grande guerra,　　两个意大利士兵被卷入第一次世界大战，他们很想逃脱战争的阴霾，想了很多办法，但是现实无情，总是把他们推到荒唐而危险的境况中。在一次次偷懒成功后，他们却目睹着一次次战友们血肉模糊的战场惨状。终于一个亡故战友的妻子令两人的思想有了变化，在一次对敌行动被俘后两人被处死，但他们的长官却还以为他们照旧做了逃兵。,喜剧|战争|剧情,1959,8.1,363,Mario Monicelli,137,,非常joy|非常fear|紧张刺激|非常sadness,joy|fear|sadness,0,215
7345,血色将至,There Will Be Blood,1898年，银矿工丹尼尔·普莱恩惟尤（丹尼尔·戴·刘易斯 Daniel Day Lewis 饰）因井下作业事故摔断了腿，但他因祸得福了解到秘密的石油信息。他利用领养的孤儿HW（狄龙·弗雷泽尔 Dillon Freasier 饰）欺骗乡民赢得了石油地盘，从此飞黄腾达。但是， 成为 石油大亨的他并不快乐，在一次意外事故中H.W不幸失聪， HW对他的怨恨与日俱增，他唯一认亲的兄弟居然也是冒牌货。传教士伊莱·桑迪不过是个借宗教蛊惑人心的小人。在一次采矿事故中，丹尼尔的工人不幸丧生。正当他希望伊莱（保罗·达诺 Paul Dano 饰）施以援手时，对方羞辱了他，两人从此开始明争暗斗……,剧情,2007,8.076,7094,保罗·托马斯·安德森,158,21世纪最好的电影,非常hope|非常joy,joy|hope,5,216
1091,怪形,The Thing,"　　1982年冬天，挪威科考队的一架直升机突然打破了南极大陆的平静，直升机疯狂的追逐一只雪橇犬，最后坠毁在美国科考营地的附近。美国科考队员对挪威考察队近期人员骤减的情况有所耳闻，于是飞行员麦克（Kurt Russell 饰）与众人赶赴挪威营地，结果看到的是一地破败中四处散落着奇怪的尸体，并有证据表明挪威人得到了某种冰封状态中的生物。医生布莱尔（Wilford Brimley 饰）研究了尸体的变异却无法破解成因。当晚，犬笼中的狗遭到袭击并发生了变异，一种不可知的生物正在这孤寂的南极大陆威胁着科考队员们的生命…… 　　本片翻拍自1951年由霍华德•霍克斯指导的《The Thing From Another World》。",恐怖|悬疑|科幻,1982,8.072,7565,约翰·卡朋特,109,,有些love|非常loneliness|非常fear|紧张刺激,fear|loneliness|love,5,217
31439,活着,活着,"富少福贵（葛优 饰）嗜赌成性，妻子家珍（巩俐 饰）屡劝无果后带着女儿凤霞离开了他。当夜，福贵输光所有家产气死父亲，被迫靠变卖母亲首饰租间破屋过活。一年后，家珍手拉凤霞怀抱刚出世的儿子有庆回到家中，福贵痛改前非，开始靠演皮影戏过起安份守己的日子。但好景不常，内战时期，福贵被国民党抓去当劳工，一番辗转终回到家乡与一家人团圆后，凤霞因病变成哑巴，而在后来的大跃进和文革中，他虽获某些小福，逆境却也一直与他如影相随。 根据余华同名小说改编。",剧情|爱情|战争,1994,8.069,350,张艺谋,132,,非常fear|紧张刺激|非常love|非常sadness,sadness|love|fear,0,218
21634,天佑鲍比,Prayers for Bobby,本片根据真人真事改编。Bobby（瑞恩·凯利 Ryan Kelley 饰）是一个善良、虔诚的少年，有爱他的家人。但在他向家人坦白自己的性倾向后一切改变了。母亲Mary（西格妮·韦弗 Sigourney Weaver 饰）认为同性恋会下地狱的训诫，想尽办法矫正儿子。而Bobby的痛苦与日俱增。在满20岁生日前Bobby认识了开朗青年David，可Mary拒绝接受，并以有一个同性恋儿子为耻。Bobby伤心的离开家最后选择死亡来结束内心的折磨。他的死彻底唤醒了家人，尤其是Mary，她在无尽的悔恨中开始接触同性恋人群，参加PFLAG小组，与神职人员探讨圣经解释。在翻阅儿子的日记后，她开始直面自己认同儿子。失去儿子的母亲在倾盆大雨中失声痛哭，雨水和泪水将固执、偏见和不理解洗刷得一干二净。Mary此后将毕生投入到同志维权事业中，帮助那些和Bobby一样的少年。,剧情|历史|电视电影,2009,8.069,608,拉塞尔·穆卡希,89,,有些love|非常fear|非常sadness|非常joy|紧张刺激|温暖治愈,joy|sadness|fear,1,219
11659,灿烂人生,La meglio gioventù,马里奥（阿莱西奥•博尼 Alessio Boni 饰）和尼古拉（卢伊吉洛•肖卡 Luigi Lo Cascio 饰）是亲密无间的两兄弟，但是酷爱诗歌的马里奥却在考试中因为与教授意见相左而不及格，相反尼古拉投其所好的表现赢得了医学教授的好评拿到了高分。他们几个朋友相约去毕 业旅行，但是马里奥却带来了另外一个不速之客——他从精神病院搭救出来受伤的女孩佐珍（杰丝敏•特丽卡 Jasmine Trinca 饰）。于是，兄弟俩决定陪她寻找亲人。在一片革命洪流之中，马里奥弃笔从戎，选择做警察，而尼古拉则漂泊异乡成为了精神科医生。佛罗伦萨的大水，让兄弟俩重逢，此时尼古拉已经和钢琴师朱莉安成为伉俪。而马里奥则对摄影师米雷拉一见钟情。他们的感情同样经受着社会动荡的考验…… 本片片长6个小时，通过讲述意大利一家人的悲欢离合，反映了意大利从1966年至2000年的社会巨变。,剧情|历史|爱情,2003,8.069,582,马可·图利欧·吉欧达纳,367,,值得推荐|非常love|情感丰富,love,0,220
8392,龙猫,となりのトトロ,"小月的母亲生病住院了，父亲带着她与四岁的妹妹小梅到乡间的居住。她们对那里的环境都感到十分新奇，也发现了很多有趣的事情。她们遇到了很多小精灵，她们来到属于她们的环境中，看到了她们世界中很多的奇怪事物，更与一只大大胖胖的龙猫成为了朋友。龙猫与小精灵们利用他们的神奇力量，为小月与妹妹带来了很多神奇的景观，令她们大开眼界。 妹妹小梅常常挂念生病中的母亲，嚷着要姐姐带着她去看母亲，但小月拒绝了。小梅竟然自己前往，不料途中迷路了，小月只好寻找她的龙猫及小精灵朋友们帮助。",奇幻|动画|家庭,1988,8.067,8479,宫崎骏,86,让我们去见龙猫吧,值得推荐|非常joy|情感丰富,joy,5,221
832,M就是凶手,M - Eine Stadt sucht einen Mörder,柏林这些天连续发生了多起小女孩失踪事件，最后发现这些孩子都无一例外惨遭毒手。这个专门以小女孩为目标的凶手令到柏林城内人人惊恐，家长都不敢让自己的孩子外出玩耍；警察们更是在社会压力下全部出动，然而却一无所获；连黑道都感到压力了，因为警察们一天到晚找他们麻烦，大大影响了他们 的生意。于是黑白两道同时展开了抓拿凶手行动。 最终人们还是从一位卖气球的盲人小贩处获得线索，他曾经卖过气球给于凶手一同前来的小女孩，他根据凶手的口哨声认出了此人经常来买气球。聪明的小贩在凶手背后写了个字母“M”，于是警查们开始追寻这个凶手“M”（彼得•洛 Peter Lorre 饰）。,剧情|惊悚|犯罪,1931,8.067,2358,弗里德里希·朗,109,,非常anger|非常tension|非常sadness,sadness|tension|anger,5,222
1064486,蜗牛回忆录,Memoir of a Snail,喜欢收集蜗牛的女孩格蕾丝（莎拉·斯努克 Sarah Snook 配音）在被迫与双胞胎吉尔伯特（柯蒂·斯密特-麦菲 Kodi Smit-McPhee 配音）分开后，结识了古怪的老奶奶萍奇（杰基·韦佛 Jacki Weaver 配音），逐渐找到新的希望和快乐。,动画|剧情|喜剧,2024,8.065,695,亚当·艾略特,95,,非常joy|非常sadness,joy|sadness,4,223
62,2001太空漫游,2001: A Space Odyssey,为了解开神秘的石柱突然屹立于地面并攻击人的秘密，原子动力太空般帝斯卡巴里号出发飞往距离八亿公里远的木星。此宇宙飞船的成员包括波曼船长、布鲁飞行员及三个在圆筒内冬眠的队员等五人。途中电脑HAL发生错乱，破坏了冬眠装置，布鲁被诱出船外，于黑暗的太空中被杀，波曼船长则被困在母船中，与之展开生死格斗，结果人类终于获胜。不久宇宙飞船在进入木星的轨道后，因船长发现某地有与月球上的石柱一模一样的东西，就驶向它，却发生意外。当他醒来时，看见自已正和宇宙飞船在路易十六的寝室中。超越时间与空间，所有的一切东西都消失于白光之中后，飘浮在太空上的绿色地球，由一胎儿看守着，此胎儿正是波曼转世而成的，正继续等待着自己出生的日子。这部内容以不远的未来为背景，在广阔的宇宙空间中，人类将面对不可思议之事。,科幻|悬疑|冒险,1968,8.063,12175,斯坦利·库布里克,149,终极之旅。,引人深思|非常tension|情感强烈,tension,5,224
359940,三块广告牌,"Three Billboards Outside Ebbing, Missouri",在女儿谋杀案过去几个月仍未找到肇事者之后，女主人公Mildred Hayes决定走出一招险棋：制作了三块广告牌立在通往她居住的小镇道路上，牌上标语径直向当地警察局长William Willoughby发问“为什么还没有抓到凶手？”而当局长的二把手Dixon——一位有恋母情结、不成熟且有暴力倾向的警官参与调查这桩案件后，女主角同Ebbing小镇执法部门之间的战斗则愈演愈烈。,犯罪|剧情,2017,8.061,10579,马丁·麦克唐纳,115,,非常anger|值得一看|情感真挚,anger,3,225
762975,紫心之恋,Purple Hearts,梦想成为音乐人的女孩和即将出征的海军陆战队员出于各自的需要同意形婚，但一场悲剧很快令他们虚假的关系变得真实起来。,爱情|剧情,2022,8.1,2775,伊丽莎白·艾伦·罗森鲍姆,122,,非常hope|悲伤但充满希望|非常sadness,sadness|hope,0,226
4348,傲慢与偏见,Pride & Prejudice,"根据简·奥斯汀同名小说改编。伊丽莎白·班纳特(凯拉·奈特丽 饰)出身于小地主家庭，有四个姐妹，母亲班纳特太太整天操心着为女儿物色称心如意的丈夫。新来的邻居宾格来先生和他的朋友达西（马修·麦克菲迪恩 饰）打破了她们一家人单调的乡村生活。宾格来和伊丽莎白的姐姐简·班纳特互生情愫；达西对善良聪明的伊丽莎白产生了好感，而伊丽莎白却对达西不可一世的傲慢心存偏见，不接受他的感情。然而，世事难料，宾格来和简·班纳特因为误会，关系危在旦夕；达西的种种作为，展示了性格中和伊丽莎白相同的善良一面，逐渐赢得了伊丽莎白的好感。两对有情人能否终成眷属？班纳特姐妹们能否得到自己想要的生活？ 简·奥斯汀笔下十九世纪初英国乡村生活和社会风貌，重新展现在大银幕上。",剧情|爱情,2005,8.058,8491,乔·赖特,129,,值得推荐|非常joy|情感丰富,joy,5,227
7347,精英部队,Tropa de Elite,　　时1997年，教皇即将来此视察，高层要求纳斯西蒙（Wagner Moura 饰）所率领的这支精英部队在最短时间内肃清贫民窟内的毒品链。厌倦刀光血影的纳斯西蒙将心思放在了妻子和尚未出世的婴儿身上，他将任务交给了两个热血且充满理想的年青人——内图（Caio Junqueira 饰）和马提阿斯（André Ramiro 饰）。他们俩都不满警察队伍的腐败，决心在精英部队中大展身手……,剧情|动作|犯罪,2007,8.057,2591,何塞·帕迪里亚,115,在里约的街上只有精英才能生存,非常anger|非常tension,anger|tension,3,228
133919,婚姻生活,Scener ur ett äktenskap,玛丽是律师，约翰是精神学讲师，二人结婚十余载，最初像一对恩爱的中产夫妻，与互相折磨的另一对夫妻成强烈对比。但后来他们自己的婚姻也出现了危机，各自分开发展。当他们再见面时，两人都惊异于对方的从容自信。,剧情|爱情,1974,8.1,387,英格玛·伯格曼,169,,非常loneliness|非常joy|非常love|温暖治愈,joy|loneliness|love,0,229
439,甜蜜的生活,La dolce vita,一系列故事讲述了一位住在罗马、风流成性的八卦小报记者一周的生活。,喜剧|剧情,1960,8.1,1972,费德里科·费里尼,174,,非常love|非常sadness,sadness|love,2,230
522518,一条狗的使命2,A Dog's Journey,小狗贝利延续使命，在主人伊森的嘱托下，通过不断的生命轮回， 执着守护伊森的孙女CJ，将伊森对孙女的爱与陪伴，当做最重要的使命和意义，最终帮助CJ收获幸福，再次回到主人伊森身边。,家庭|冒险|剧情,2019,8.053,1585,Gail Mancuso,108,一次新的旅程,非常joy|非常sadness,joy|sadness,1,231
11423,杀人回忆,살인의 추억,本片长居韩国电影 Top 100 的首位。电影以 1986 年起震撼韩国的 6 年内 10 宗连环奸杀案为背景。1986年，京畿道某处发现了一名女尸。该名女子死去前曾遭人强奸。两个月后，以相同手法的奸杀案再度出现。斗满发现现场留下颇多死者的头发，来推断行凶者专挑选有脱发毛病的女子为行凶对象。另一方面，泰允亦发现受害人全是在雨天穿著红色的衣服。而且受害女性的阴部都遭受严重受损。终于有线索可循，证据环环相扣，剥丝抽茧步步接近真相，本以为真相就要呼之欲出，但案情急转直下，再一次陷入沉寂中。十七年过后，昔日的警官已经成为商人，养儿育女，他再一次来到发生凶案的那片稻田。风吹麦浪，宁静祥和。从一个天真的女童口中得知，凶手不久前来过此地。再继续追问，答案让所有人都为之绝望……,犯罪|剧情|惊悚,2003,8.052,4308,奉俊昊,131,,非常peace|心灵平静,peace,2,232
381284,隐藏人物,Hidden Figures,影片讲述1962年，汉森饰演的非裔美国数学家与斯宾瑟和梦奈两位“同事”组成智囊团，为宇航员约翰·格伦成功绕地球轨道飞行做出贡献。,剧情|历史,2016,8.051,10175,西奥多·梅尔菲,127,在你所做的任务背后，认识你不认识的女人。,引人深思|情感强烈|非常sadness,sadness,3,233
992,福尔摩斯二世,Sherlock Jr.,　　影片的男主角基顿（巴斯特·基顿 Buster Keaton 饰）是一名乡村影院电影放映师，他喜欢阅读侦探类的书籍，经常幻想自己就是一名像福尔摩一样的大侦探。一天，他把价值一元的巧克力糖谎称四元送给女友凯莎琳（Kathryn McGuire 饰），不料被情敌趁机陷害，说基 顿偷了别人的手表拿去当才有钱买巧克力。凯莎琳相信了谗言，遂将基顿赶出门外，并取消了二人之间的婚约。基顿查访之后，发现情敌才是偷表典当的家伙，但却苦无证据洗清冤情。某日，基顿在放映电影时，发现银幕上的故事竟和他的遭遇同出一辙，而且人物也雷同，唯一不同的是电影中的故事发生在一个上流家庭而已。基顿边放映电影边沉溺在电影之中，于是走出放映室，从观众席走入银幕之中逮捕情敌罪犯。可是进入银幕后的基顿却四处碰壁，一筹莫展．随着场景的变化，银幕上的映象不断从幻想变成事实……,动作|喜剧|悬疑,1924,8.05,1100,巴斯特·基頓,45,,非常tension|非常joy,tension|joy,1,234
1955,象人,The Elephant Man,"　　象人（约翰•赫特 John Hurt 饰）是一个天生的畸形症患者，他的脸长得就像大象的脸，因此而得名。象人一直被利欲昏心的马戏团老板利用，带到世界各地去巡回演出，受尽了非人的虐待。象人所经受的遭遇社会名流们都会感到不可思议，然而乐观坚强的象人却承担了下来。 　　直到有一次，象人遇上了年轻的英国医生（安东尼•霍普金斯 Anthony Hopkins 饰），出于怜悯和医生的操守，他与马戏团老板签订了“领养”协议后，将象人带回了医院作研究。在医院里，象人重新感受到了人间的温暖，而医生也在和象人的交往中结下了深深的友谊，他已经舍不得这位“上帝的弃儿”。但利欲昏心的马戏团老板带人又将象人抢了回去，象人的新生活是否就此终结？",剧情|历史,1980,8.0,3767,大卫·林奇,124,,引人深思|情感强烈|非常sadness,sadness,2,235
518068,与神同行2：因与缘,신과함께-인과 연,三位阴间使者江林（河正宇 饰）、解怨脉（朱智勋 饰）、德春（金香起 饰）即将带领第49位「贵人」金秀鸿（金东旭 饰）进行地狱审判，他们同时发现人间有一位家神（马东锡 饰），试图把早该阳寿已尽的老人强留人间。阴间使者为了带走该名老人，开始与家神展开激烈决斗，而在这个过程之中，三位阴间使者千年以前的前世之谜也将被一一揭开…,动作|冒险|奇幻|惊悚,2018,8.047,716,金容华,141,,非常tension|非常joy,tension|joy,0,236
548,罗生门,羅生門,从强盗、新娘、武士的鬼魂和樵夫的视角，回忆了新娘被强奸和她的武士丈夫被谋杀的事件。,犯罪|剧情|悬疑,1950,8.0,2412,黑泽明,88,,非常anger|非常tension|非常sadness,anger|sadness|tension,3,237
532067,为美好的世界献上祝福！红传说,映画 この素晴らしい世界に祝福を！紅伝説,本应由于交通事故（!?）导致人生轻易闭幕的游戏迷家里蹲·佐藤和真，事出偶然地带着女神·阿库娅转生到了异世界。“在如同RPG游戏一样的异世界，享受憧憬已久的冒险者生活！目标是勇者！”像这样兴奋了还没多久，转生而来的和真就尽是遇到倒霉的事情。 麻烦制造机废柴女神·阿库娅，重度中二病魔法使·惠惠，妄想停不下来的女骑士·达克妮丝，和真与空有高超能力值却无比残念的这3人组队，欠下一屁股债，涉嫌颠覆国家罪而遭到审判，讨伐魔王军干部，偶尔还会死一死……  这样的某一天，突然跑来的红魔族少女·悠悠的一句爆炸性发言，让和真等人当场石化。“我想要和真先生的孩子！”问明原因，原来惠惠和悠悠的故乡“红魔之里” 目前正濒临灭亡的危机。追在出发前去拯救村落的悠悠后面，和真等人向着红魔之里出发，但——！？向和真小队袭来的最大危机！平凡的冒险者和真度过的异世界生活，未来究竟会怎样！？,动画|冒险|喜剧|奇幻,2019,8.046,589,金崎贵臣,90,,值得推荐|非常joy|情感丰富,joy,0,238
437068,出租车司机,택시운전사,"　　《出租车司机》讲述了搭载德国记者尤尔根·欣茨佩特（托马斯·克莱彻曼 饰），偶然来到光州的出租车司机金四福（宋康昊 饰）身上发生的故事。 　　尤尔根·欣茨佩特1980年5月作为德国第一公营广播ARD-NDR的驻日本员工用影像记录了光州事件，并创作了《蓝色眼睛的目击者》一书，让全世界了解到5.18光州惨案，还于2003年在韩国获得了新闻大奖。 　　领奖当时，欣茨佩特还特别提到了出租车司机金四福，“我要感谢80年5月带我到光州，并给我做向导的勇敢的出租车司机金四福。”正是当年搭载他的金司机勇敢的在光州的小巷内甩开了戒严军队，让他得以将十卷胶片安全护送出了光州。 　　后来欣茨佩特于2016年1月离世，却未能再见到金司机。 　　本片由SHOWBOX投资发行，《义兄弟》《高地战》的导演张熏执掌拍摄，这是张熏导演在《义兄弟》之后时隔五年与宋康昊的再度合作。",动作|剧情|历史,2017,8.046,1093,张勋,137,,非常tension|非常sadness,tension|sadness,1,239
872585,奥本海默,Oppenheimer,美国科学家 J·罗伯特·奥本海默的故事及其在原子弹研制中所扮演的角色。,剧情|历史,2023,8.0,11005,克里斯托弗·诺兰,181,,值得推荐|非常joy|情感丰富,joy,5,240
640344,我對你電影版：S先生的報仇,Me contro Te: Il film - La vendetta del Signor S,,家庭|奇幻,2020,8.0,469,Gianluca Leuzzi,64,,值得推荐|非常joy|情感丰富,joy,0,241
334543,雄狮,Lion,萨罗 和妹妹、哥哥以及母亲过着相依为命的生活，虽然贫穷艰辛，但一家人在一起相互扶持，日子过得依然温暖而又充满了欢乐。一次偶然中，萨罗同哥哥在火车站走散了，误打误撞之中，萨罗登上了一列开往加尔各答的火车，在那里，萨罗成为了露宿街头的流浪儿，并最终被送进了收容所。,剧情,2016,8.042,6805,加斯·戴维斯,118,,值得推荐|非常joy|情感丰富,joy,4,242
11645,乱,乱,改编自威廉·莎士比亚的《李尔王》，讲述了一文字秀虎将王国分给三个儿子所造成的灾难性后果。,动作|剧情|历史,1985,8.042,1707,黑泽明,160,,非常hope|值得一看|情感真挚,hope,1,243
555604,吉尔莫·德尔·托罗的匹诺曹,Guillermo del Toro's Pinocchio,奥斯卡金像奖获奖电影制作人吉尔莫·德尔·托罗对卡洛·科洛迪的经典故事进行了改编：一个牵线木偶神奇地有了生命，为悲伤的木雕师杰佩托带来慰藉。这部异想天开的定格动画电影由吉尔莫·德尔·托罗和马克·古斯塔夫森执导。为了在世界上找到自己的位置，匹诺曹开始了捣蛋、叛逆的冒险之旅。,动画|奇幻|冒险|剧情,2022,8.041,3187,马克·古斯塔夫森,117,爱会给你生命。,引人深思|情感强烈|非常sadness,sadness,5,244
42229,特殊的一天,Una giornata particolare,特殊的一天是指1938年5月6日，这天希特勒与墨索里尼在罗马进行所谓的“高峰会议”，整个罗马城里的电台日夜都在鼓吹法西斯的威力和成就，罗马全体居民都放假一天来到广场集合听讲话。中年妇女安东尼泰是个本分的家庭妇女，这天她因照顾孩子操忙家务而没有去参加集会，因而认识了新来的邻居，一个电台播音员。两人从不认识到互相攀谈，发展到激情和肉体交欢，都在短短一天内。就在他们分别后的晚上，播音员被法西斯带走，而安东尼泰则似乎重新找回了生活的激情。,剧情|爱情,1977,8.0,728,Ettore Scola,106,,非常love|非常sadness,sadness|love,2,245
582,窃听风暴,Das Leben der Anderen,1984年的东德，整个社会笼罩在国家安全局的高压统治之下，特工魏斯曼（乌尔利希·穆厄 饰）奉命监听剧作家德莱曼（塞巴斯蒂安·寇治 饰）和他妻子演员克里斯蒂娜（玛蒂娜·杰蒂克 饰）的生活，监听过程中，魏斯曼渐渐对这家人的生活产生了兴趣，开始暗中帮助他们。一篇刊登在西德《明镜》报上的文章引起了特工头目的注意，他们认为这篇文章是德莱曼写的，并逮捕了克里斯蒂娜，希望能够从她口中得出她丈夫的秘密？而审问克里斯蒂娜的正是魏斯曼。,剧情|惊悚,2006,8.038,3937,弗洛里安·亨克尔·冯·多纳斯马尔克,137,柏林墙没倒的时候，东德的秘密警察听过了你的秘密,非常tension|非常sadness,sadness|tension,2,246
638507,驯龙高手：归家,How to Train Your Dragon: Homecoming,故事发生在小嗝嗝与没牙仔分开的五年之后，博克岛一年一度的亲衣节又到了，然而随着小嗝嗝的孩子们的长大，对龙与人曾经那段真挚而深刻的友谊只能通过父母的言语来了解，不免产生了质疑，小嗝嗝为防止孩子们对龙的误解，又能想出怎样的妙招呢？,动画|奇幻|冒险|家庭,2019,8.0,1067,蒂姆·约翰逊,21,,值得推荐|非常joy|情感丰富,joy,0,247
397567,与神同行：罪与罚,신과함께-죄와 벌,阴间有法，所有亡者在死后的49天内都要经过七次审判——分别在杀人狱、懒惰狱、欺骗狱、不义狱、背叛狱、暴力狱、天伦狱中进行，只有通过了七次审判宣告无罪的亡者，才有获得新生的机会。消防员金子洪在一场火灾当中为了救一名女孩而不幸牺牲。地狱使者解怨脉和德春出现在了金子洪的面前。尽管金子洪无法相信自己的死亡，却被德春一脸严肃地告知自己既是亡者、又是贵人。在通往地狱的入口，金子洪遇到了在初军门等着自己的另一位使者江林。他掌管着解怨脉和德春两位使者，同时也将在子洪即将接受的七次审判中为子洪进行辩护...,动作|冒险|剧情|奇幻|惊悚,2017,8.038,1133,金容华,139,,值得推荐|非常love|情感丰富,love,0,248
550776,相信我：被诱拐的丽莎·麦克维,Believe Me: The Abduction of Lisa McVey,一名17岁的少女在她计划自杀的当晚被绑架，她必须为活下去而战斗。她设法说服袭击者放过她，在经过26小时后等来了生机。但当她回家时，除了一名怀疑凶手为连环杀手的侦探外，没有人相信她的故事。,剧情|电视电影|犯罪,2018,8.034,667,Jim Donovan,87,,非常anger|非常sadness,sadness|anger,1,249
120467,布达佩斯大饭店,The Grand Budapest Hotel,讲述了两次世界大战期间，欧洲一家著名酒店的传奇门房古斯塔夫先生和他最信任的好友——酒店门童泽罗·穆斯塔法之间的冒险故事。故事围绕着一幅价值连城的文艺复兴时期画作的失窃与追回，以及一场围绕巨额家族财富的争夺展开——所有这一切都发生在瞬息万变的欧洲大陆的背景下。[福克斯探照灯影业],喜剧|剧情,2014,8.033,15557,韦斯·安德森,100,,值得推荐|非常joy|情感丰富,joy,2,250
